t_s,h1_meas_m,h1_est_m,h2_est_m,h2_real_m,error_obs_cm,h3_meas_m,h3_est_m,ref_m,u1,u3,z_int,error_ctrl_cm
0.0,0.0217,0.0217,0.003,0.003,0.0,0.0135,0.0135,0.1,1.0,0.9999999969884007,0.0,-9.700000000000001
2.0,0.0217,0.018276150097023904,0.005977704045383207,0.003,0.2977704045383207,0.0083,0.011277554328926217,0.1,0.9999999849513556,0.9999999635814806,0.0,-9.40222959546168
4.0,0.0217,0.021637368142246965,0.009153424355741716,0.003,0.6153424355741716,0.0302,0.017952420155025805,0.1,0.9999999867460965,0.9999999663570979,0.0,-9.084657564425829
6.0,0.0417,0.028624571846417885,0.013994785994904604,0.0355,-2.150521400509539,0.039,0.025988008093205672,0.1,0.9999999990266331,0.999999989015538,0.0,-8.60052140050954
8.0,0.0649,0.0389314781671436,0.02092527294142203,0.0558,-3.487472705857797,0.0508,0.03565137316095633,0.1,0.9999999876064016,0.9999999659850937,0.0,-7.907472705857797
10.0,0.0735,0.049604762023249364,0.028867855450560392,0.0759,-4.703214454943961,0.0652,0.046793255913547785,0.1,0.9999999807796602,0.9999999485742169,0.0,-7.113214454943961
12.0,0.0973,0.06321329983449861,0.03921028634444776,0.0939,-5.468971365555224,0.0856,0.06056843723133966,0.1,0.9999999473319694,0.9999998564613597,0.0,-6.078971365555224
14.0,0.1038,0.07616735336878494,0.05013910695053324,0.1128,-6.266089304946676,0.1048,0.07589324690503002,0.1,0.9999998554976607,0.9999993577207812,0.0,-4.986089304946677
16.0,0.1228,0.09081882896144584,0.06293542933602067,0.1225,-5.956457066397933,0.1305,0.09398349510102934,0.1,0.9999991002041917,0.4309747381528359,0.0,-3.7064570663979337
18.0,0.1419,0.10660922102391195,0.07660444103735446,0.1385,-6.189555896264555,0.1402,0.11114679959410839,0.1,0.5661132205553666,0.05212976983885597,0.0,-2.3395558962645544
20.0,0.1482,0.12105239701261562,0.08946516228921,0.1448,-5.533483771079001,0.1436,0.11925826749036812,0.1,9.291645939578007e-08,2.0187213066324487e-07,0.0,-1.0534837710790002
22.0,0.1544,0.1293001314800688,0.10112482644101495,0.1415,-4.037517355898504,0.1402,0.12107114470331296,0.1,2.8403559827246773e-08,6.666877094457062e-08,0.0,0.11248264410149422
24.0,0.1514,0.12955881026549435,0.11033251627649308,0.1511,-4.076748372350693,0.1403,0.1225498121380681,0.1,1.5585951686139144e-08,4.061985655741674e-08,0.0,1.0332516276493078
26.0,0.1449,0.1297649733155232,0.11676332578505315,0.1543,-3.7536674214946846,0.1468,0.1254002037870576,0.1,9.004699439179296e-09,2.738807501362076e-08,0.0,1.6763325785053143
28.0,0.1482,0.13136857871781193,0.1221338796764375,0.1478,-2.5666120323562485,0.1499,0.12860867870477305,0.1,5.953576542121402e-09,2.1309277716456778e-08,0.0,2.21338796764375
30.0,0.1514,0.13353091498050698,0.12600116392726504,0.1415,-1.5498836072734945,0.1402,0.1292230291042054,0.1,4.403489706207012e-09,1.8227459813384824e-08,0.0,2.6001163927265036
32.0,0.1451,0.13424459832023067,0.12853995544759894,0.1448,-1.626004455240107,0.1466,0.1310831683204619,0.1,2.9055131012113944e-09,1.525258361566876e-08,0.0,2.8539955447598935
34.0,0.1482,0.135636801324388,0.13107264590340517,0.1511,-2.002735409659484,0.1499,0.1333745549414375,0.1,0.0,2.286185991510501e-09,0.0,3.1072645903405167
36.0,0.1419,0.13541545345551553,0.13175447872088464,0.1448,-1.3045521279115375,0.1434,0.13357953307764034,0.1,2.2032139715955805e-09,1.3866202659498863e-08,0.0,3.1754478720884634
38.0,0.1449,0.13598375613341634,0.13285910946360344,0.148,-1.5140890536396556,0.1466,0.13457989621771407,0.1,1.600577015474131e-09,1.2668036985183354e-08,0.0,3.2859109463603433
40.0,0.1482,0.13715770246636041,0.13437607531729717,0.1383,-0.3923924682702834,0.1499,0.13618103090656009,0.1,0.0,2.1599933975439506e-09,0.0,3.4376075317297166
42.0,0.1419,0.1366705490145633,0.13428899230372424,0.1415,-0.7211007696275751,0.1434,0.13581523837871884,0.1,0.0,1.706583562544307e-09,0.0,3.428899230372423
44.0,0.1451,0.13702577888350986,0.13484997484363503,0.1352,-0.03500251563649526,0.1466,0.13637699786164084,0.1,0.0,2.588420361975847e-09,0.0,3.484997484363503
46.0,0.1386,0.1358542631969808,0.13397894133321772,0.1383,-0.4321058666782285,0.1402,0.13522959137248694,0.1,0.0,1.9935696034987784e-09,0.0,3.3978941333217714
48.0,0.1417,0.13567039737711536,0.13391968596456355,0.132,0.19196859645635445,0.1434,0.13520738233521834,0.1,0.0,2.9884250352070418e-09,0.0,3.3919685964563544
50.0,0.1354,0.13407062785037877,0.1323792912559624,0.1352,-0.28207087440375866,0.1339,0.13291770691592275,0.1,4.62647517828596e-09,1.8707422808947943e-08,0.0,3.2379291255962395
52.0,0.1259,0.13094822073639747,0.130247619636123,0.1288,0.14476196361229987,0.1402,0.13240355721634287,0.1,0.0,5.4477610390470345e-09,0.0,3.024761963612299
54.0,0.1324,0.12987281635695036,0.12881530262475238,0.132,-0.3184697375247625,0.1306,0.13005501082895848,0.1,7.184566806721516e-09,2.384575682936549e-08,0.0,2.8815302624752377
56.0,0.1354,0.12954602273141666,0.12770489660688372,0.1256,0.21048966068837327,0.1242,0.1269803717915637,0.1,9.730633315448604e-09,2.8982819738886885e-08,0.0,2.7704896606883715
58.0,0.1259,0.12731274589121294,0.12578269450833426,0.1288,-0.3017305491665734,0.1274,0.1252257656844223,0.1,1.0260022575968694e-08,3.005610187286443e-08,0.0,2.578269450833426
60.0,0.1324,0.12704050704516665,0.1253719848950315,0.1225,0.2871984895031515,0.1306,0.1248302777050422,0.1,1.299118324697117e-08,3.5686546696209746e-08,0.0,2.537198489503151
62.0,0.1228,0.124687857459308,0.12330379127861844,0.1256,-0.22962087213815457,0.124,0.12281093898583238,0.1,1.3976099204350814e-08,3.770655965631905e-08,-0.015,2.330379127861844
64.0,0.1291,0.12429258874288432,0.12276219135756339,0.1288,-0.603780864243661,0.1274,0.12226307401768488,0.1,1.3364822307339152e-08,3.645413712800069e-08,-0.015,2.2762191357563384
66.0,0.1322,0.1246386723640181,0.12298876805365504,0.1225,0.04887680536550393,0.1306,0.12265309802964408,0.1,1.70215617945235e-08,4.396784319785113e-08,-0.015,2.298876805365503
68.0,0.1228,0.1228136602133308,0.12147335306177358,0.1256,-0.4126646938226411,0.1242,0.12127627309428736,0.1,2.734358483149112e-08,6.552875908308296e-08,-0.015,2.1473353061773572
70.0,0.1164,0.11994574894012415,0.1187355493883423,0.1193,-0.05644506116577047,0.1147,0.11795217105641607,0.1,3.6142168665322265e-08,8.426024685177263e-08,-0.015,1.8735549388342294
72.0,0.1196,0.11852866812419319,0.11722834303613267,0.1223,-0.5071656963867341,0.1177,0.1162973529128666,0.1,1.110583983485542e-07,2.5442432359923704e-07,-0.015,1.7228343036132658
74.0,0.1006,0.11323957307320738,0.11294796325745554,0.113,-0.005203674254446178,0.1113,0.11310887165584887,0.1,1.430701466428459e-07,3.3089047089705255e-07,-0.015,1.2947963257455535
76.0,0.1164,0.11278355574985148,0.11199466778038412,0.1193,-0.7305332219615879,0.1147,0.11196822043179072,0.1,1.4059834788440818e-07,3.2494062624416746e-07,-0.015,1.1994667780384118
78.0,0.1196,0.11307330395460162,0.11192512479146743,0.1097,0.22251247914674283,0.1177,0.11187367218075715,0.1,4.2815171708770943e-07,1.0555898070283996e-06,-0.015,1.192512479146743
80.0,0.1006,0.10911555471976563,0.10885693590843527,0.1128,-0.3943064091564724,0.1114,0.10988209611260047,0.1,1.4447517560195167e-06,3.983612529970601e-06,-0.015,0.8856935908435268
82.0,0.1036,0.1066869326604243,0.10618108673762756,0.1065,-0.031891326237243334,0.1017,0.10630911185169648,0.1,1.3524881221131938e-06,4.115253912574149e-06,-0.015,0.6181086737627559
84.0,0.1068,0.1056229755226229,0.10497607354462178,0.1097,-0.47239264553782245,0.1082,0.10525687679205095,0.1,2.2802859324226627e-05,0.0012102906733167547,-0.015,0.4976073544621776
86.0,0.1006,0.10330971712589958,0.10255170562947202,0.1033,-0.07482943705279799,0.0985,0.1021305313377206,0.1,0.3296539472476204,0.029548885449783697,-0.015,0.25517056294720175
88.0,0.0909,0.09952490339803303,0.09950659795523803,0.1065,-0.6993402044761967,0.1016,0.10028924122786924,0.1,0.4945205453657412,0.03406086194909022,-0.014013195910476048,-0.04934020447619758
90.0,0.0973,0.10131558867670179,0.09807501226024291,0.1097,-1.162498773975709,0.1048,0.09999835980323238,0.1,0.8637463572860583,0.05337092399667448,-0.010163220430961864,-0.1924987739757092
92.0,0.0878,0.10164928807093246,0.09542457906817993,0.1002,-0.4775420931820068,0.0985,0.098046887759688,0.1,0.2023112561401552,0.004858603755436879,-0.0010123785673217117,-0.4575420931820076
94.0,0.1322,0.11451991379647421,0.0994450691925983,0.1097,-1.025493080740171,0.1016,0.09850324668561504,0.1,0.5249475861556869,0.036776386658460496,9.748304748170844e-05,-0.05549308074017101
96.0,0.0878,0.10731853774822726,0.09764049824794202,0.1097,-1.2059501752057986,0.1017,0.0973988849417755,0.1,0.6128396717231996,0.037022532335919615,0.004816486551597679,-0.23595017520579853
98.0,0.1006,0.10853416354700907,0.09753328257480062,0.1034,-0.5866717425199384,0.1017,0.09728458692762787,0.1,0.24266544559072584,0.011771261396928094,0.009749921401996445,-0.2466717425199383
100.0,0.1196,0.11417264097354901,0.10002997699653564,0.113,-1.2970023003464366,0.1017,0.09768748443055017,0.1,0.08373637420819303,0.008773720965994184,0.00968996740892518,0.0029976996535632794
102.0,0.1038,0.11127457666579628,0.10131070867533357,0.1065,-0.5189291324666432,0.1177,0.10090262103725253,0.1,0.24746439749837962,0.022758887724029182,0.007068550058258058,0.13107086753335606
104.0,0.0973,0.10630513957862296,0.10062218478983002,0.1002,0.04221847898300268,0.1082,0.10119200583039926,0.1,0.7480348390064032,0.051324430464494177,0.005824180478598021,0.06221847898300187
106.0,0.091,0.10289963152608536,0.09757991926603977,0.1033,-0.5720080733960229,0.089,0.09707372444801399,0.1,0.4183862740685783,0.0207329365451841,0.010664341946518482,-0.2420080733960231
108.0,0.1164,0.11103898729250643,0.09946828429220905,0.113,-1.353171570779095,0.105,0.09849390089274879,0.1,0.07176375311382016,0.00475823420864341,0.011727773362100388,-0.05317157077909529
110.0,0.1101,0.1121387869160482,0.10153870242282975,0.116,-1.4461297577170253,0.1177,0.101831749260633,0.1,0.1854042065877127,0.0188370605147064,0.008650368516440896,0.15387024228297463
112.0,0.0941,0.10602700897570928,0.10106234517134723,0.1065,-0.5437654828652771,0.1177,0.10386973673454035,0.1,0.35861784082911335,0.028122364433767623,0.006525678173746455,0.10623451713472204
114.0,0.0973,0.10367188033109435,0.10011637562371188,0.1096,-0.9483624376288122,0.108,0.1035606827539239,0.1,0.5089617395053498,0.03409936920896296,0.006292926926322703,0.01163756237118757
116.0,0.1006,0.10426438263154662,0.09906122268916126,0.1033,-0.4238777310838743,0.0985,0.10136521562584934,0.1,0.6790068499790429,0.041490160338567915,0.008170481548000194,-0.09387773108387454
118.0,0.0941,0.10471184724709831,0.09781627596282733,0.1065,-0.8683724037172671,0.1048,0.10099622612765793,0.1,0.4603364625821432,0.024180593587044268,0.012537929622345553,-0.21837240371726796
120.0,0.1101,0.1099387095543151,0.09907996869291522,0.1033,-0.4220031307084787,0.1048,0.1011588304750198,0.1,0.22082106254213285,0.013118392209722215,0.014377992236515133,-0.09200313070847899
122.0,0.1101,0.1113395737605599,0.10067011978666271,0.1162,-1.5529880213337288,0.1082,0.1019077045279409,0.1,0.19110526421330884,0.016255187525054997,0.013037752663189725,0.0670119786662704
124.0,0.1006,0.10805514863887228,0.10113483151382033,0.116,-1.4865168486179678,0.1147,0.10363248432847601,0.1,0.03813191889758443,0.007801279680447749,0.01076808963554908,0.11348315138203224
126.0,0.1068,0.10701688138194713,0.10230083017589614,0.1096,-0.7299169824103863,0.1177,0.10584255110400567,0.1,0.21361932955419716,0.021889421192582463,0.006166429283756811,0.23008301758961347
128.0,0.0973,0.10276006415696175,0.10122893545583533,0.113,-1.1771064544164669,0.1082,0.1051435205778889,0.1,0.6556412682518366,0.046471048334240796,0.0037085583720861542,0.12289354558353283
130.0,0.0878,0.09943588965980436,0.09833530180618956,0.1033,-0.49646981938104434,0.1017,0.10303667247781538,0.1,0.14934619125958226,0.006162557265114214,0.007037954759707046,-0.1664698193810446
132.0,0.1196,0.10820091668838958,0.10120878449771374,0.113,-1.179121550228626,0.1179,0.10601562163609625,0.1,0.06485470291502915,0.009684931578473336,0.004620385764279575,0.12087844977137358
134.0,0.1006,0.10526474923198273,0.10158674149356273,0.1065,-0.4913258506437271,0.1177,0.10733876006267071,0.1,0.03921558038863816,0.010587482779775219,0.0014469027771541326,0.1586741493562721
136.0,0.1068,0.10370552958858426,0.10191472723212491,0.1097,-0.7785272767875093,0.108,0.10649041700691525,0.1,0.2552442337541373,0.02493307743402166,-0.0023825516870956825,0.19147272321249076
138.0,0.1006,0.10107472883319324,0.1005646219329032,0.1128,-1.2235378067096792,0.0985,0.10362301169718964,0.1,0.6065922545824521,0.04282119754206471,-0.0035117955529020833,0.05646219329032004
140.0,0.091,0.09937010130387938,0.09818743796706422,0.1065,-0.8312562032935775,0.1016,0.10207488742212933,0.1,0.4861090684459309,0.028049851733828526,0.00011332851296948221,-0.18125620329357828
142.0,0.107,0.10485339920317384,0.09864984108076984,0.1033,-0.46501589192301657,0.1048,0.10213132405935249,0.1,0.3722426333252194,0.0225623777547436,0.0028136463514298188,-0.13501589192301683
144.0,0.1038,0.1066872245660665,0.09920956435580515,0.1065,-0.7290435644194848,0.108,0.1026088033218394,0.1,0.2353081049978193,0.0162997336382916,0.004394517639819531,-0.07904356441948562
146.0,0.1038,0.10688176737114813,0.10020135623416271,0.116,-1.5798643765837297,0.1145,0.10435824615436048,0.1,0.045659857983723004,0.007362019763940408,0.0039918051714941255,0.020135623416270287
148.0,0.1068,0.10639254136166046,0.10159958755251841,0.1097,-0.8100412447481595,0.1177,0.10643721205255607,0.1,0.21120200338031947,0.021660308078507426,0.0007926300664573144,0.15995875525184056
150.0,0.0973,0.10216822225379617,0.10073327286257167,0.113,-1.2266727137428337,0.108,0.10560077623652755,0.1,0.5775061322182895,0.04176025553040596,-0.0006739156586860057,0.073327286257166
152.0,0.091,0.0995141485016744,0.0984516419723586,0.1034,-0.4948358027641403,0.1016,0.10352206073021135,0.1,0.47733162234321397,0.02812194032605779,0.0024228003965968,-0.15483580276414027
154.0,0.1068,0.10451534874561895,0.09887863431676082,0.1065,-0.7621365683239179,0.1048,0.10324345056358292,0.1,0.648586547082012,0.04013089890579728,0.004665531763075173,-0.11213656832391866
156.0,0.0973,0.10465957440780083,0.09766394223989884,0.1,-0.2336057760101165,0.0951,0.10041729086932313,0.1,0.73841797251208,0.042531183341370925,0.009337647283277503,-0.2336057760101165
158.0,0.1038,0.1076126732944446,0.09718094322925043,0.1096,-1.2419056770749572,0.0888,0.09716770510855521,0.1,0.45461362677372746,0.022707109173159868,0.014975760824776654,-0.28190567707495756
160.0,0.1101,0.11209256077909042,0.09889540688087134,0.1097,-1.0804593119128667,0.1048,0.09855535333340737,0.1,0.0011610411509500103,0.00047173423825804775,0.015,-0.11045931191286662
162.0,0.1164,0.1137788519928135,0.10201087992792811,0.1097,-0.7689120072071898,0.1145,0.10172273303348026,0.1,0.00869973257540051,0.0094735782191148,0.010978240144143794,0.20108799279281026
164.0,0.1006,0.10724101086868933,0.1024323004919205,0.116,-1.3567699508079512,0.1145,0.1036435770475372,0.1,0.18544353426222207,0.02118534924611161,0.006113639160302817,0.24323004919204888
166.0,0.0941,0.10184671548873982,0.10156960512278004,0.1065,-0.4930394877219954,0.1177,0.10576588988666857,0.1,0.3544493145244421,0.028447884873548067,0.002974428914742741,0.15696051227800378
168.0,0.0973,0.10050887151115506,0.10036526063526582,0.1097,-0.9334739364734181,0.108,0.10539630132213193,0.1,0.4958346031518687,0.03376754228881785,0.0022439076442111044,0.03652606352658183
170.0,0.1006,0.10167622251493688,0.09917716559571921,0.1033,-0.4122834404280795,0.0983,0.10302225299588591,0.1,0.6585098176988813,0.040830661620957734,0.0038895764527727,-0.08228344042807978
172.0,0.0941,0.10242512205665667,0.097886045531021,0.1065,-0.8613954468979002,0.1048,0.10254253259029383,0.1,0.4360542414518651,0.023432111940395132,0.00811748539073072,-0.21139544689790096
174.0,0.1101,0.10774596790362777,0.09913260052566436,0.1065,-0.7367399474335636,0.1048,0.102603428664036,0.1,0.329762087019683,0.02075444749765154,0.00985228433940201,-0.0867399474335645
176.0,0.1038,0.1078789338163177,0.09985823033267802,0.1097,-0.9841769667321989,0.108,0.10304964415360865,0.1,0.5183246081755214,0.03499081421836763,0.010135823674045988,-0.014176966732198926
178.0,0.0973,0.105402665679735,0.09891757939090114,0.113,-1.4082420609098867,0.0985,0.10112228737097265,0.1,0.761235549447674,0.046767579311545494,0.012300664892243726,-0.10824206090988692
180.0,0.091,0.10424139888851888,0.09732361814361441,0.1065,-0.9176381856385585,0.1016,0.1003636461987327,0.1,0.32751978332432025,0.01462228271397101,0.015,-0.2676381856385593
182.0,0.1196,0.11183500617252728,0.1000576067195588,0.113,-1.294239328044121,0.1048,0.10131330457582474,0.1,0.00050991629424002,0.0016173602323856266,0.014884786560882421,0.0057606719558789266
184.0,0.1101,0.11099587613469886,0.10232020386924434,0.1162,-1.3879796130755655,0.1177,0.1043533134687854,0.1,1.960479702645196e-06,5.550718088322185e-06,0.010244378822393749,0.2320203869244336
186.0,0.1196,0.10932742663127397,0.10528588917139602,0.1097,-0.441411082860399,0.1177,0.1069177887012472,0.1,8.2256384011481e-06,3.5995639385385176e-05,-0.00032739952039827214,0.528588917139601
188.0,0.0973,0.10382466570098128,0.10364581226747999,0.113,-0.9354187732520016,0.108,0.10616988054384702,0.1,0.22940153018812276,0.023730380356525138,-0.007619024055358234,0.3645812267479981
190.0,0.091,0.09870305383912813,0.10076704420862632,0.1065,-0.5732955791373673,0.1017,0.10404804224552022,0.1,0.19835050534945492,0.018148424310454953,-0.009153112472610872,0.0767044208626319
192.0,0.107,0.10073783196079991,0.10067340530356614,0.097,0.3673405303566135,0.1048,0.1038046790125758,0.1,0.44866448646943413,0.034115694540495796,-0.010499923079743137,0.06734053035661325
194.0,0.0973,0.09958961176201674,0.09880414609954911,0.1002,-0.1395853900450883,0.0951,0.10105154822669167,0.1,0.7290635154117536,0.046732800030608174,-0.008108215278841355,-0.11958539004508911
196.0,0.091,0.09984177714077724,0.0968416695095845,0.1033,-0.6458330490415498,0.1016,0.1003939887708217,0.1,0.6914400937646831,0.03843454194335618,-0.0017915542980103533,-0.3158330490415501
198.0,0.107,0.10573264022705077,0.09690162165794494,0.1002,-0.32983783420550555,0.0919,0.09812142968787678,0.1,0.2211224384515737,0.009152673418732897,0.004405202386099774,-0.30983783420550637
200.0,0.1133,0.11107394147399392,0.09986081370049636,0.1097,-0.9839186299503644,0.1177,0.10215368784328038,0.1,7.958878674362268e-06,3.248031303143678e-05,0.004683574985107061,-0.013918629950364358
202.0,0.1101,0.10940771266753589,0.10215846052934051,0.1162,-1.404153947065949,0.1177,0.10492136230187668,0.1,6.582223745877798e-06,2.526854562990845e-05,0.00036665392642605543,0.2158460529340503
204.0,0.1068,0.10568380652732275,0.10334388290682109,0.1097,-0.6356117093178917,0.1177,0.10696262290880733,0.1,0.003216086863377183,0.009327484582969064,-0.00632111188721611,0.3343882906821083
206.0,0.0973,0.10128753681747572,0.10200414793876426,0.113,-1.099585206123574,0.108,0.10615729273296656,0.1,0.4687982750781626,0.039376087130083094,-0.010329407764744628,0.20041479387642586
208.0,0.0878,0.09623529539769451,0.09895768457865672,0.1033,-0.4342315421343279,0.1016,0.10396773313716536,0.1,0.4043399624828445,0.026364899229436193,-0.008244776922058064,-0.10423154213432817
210.0,0.1068,0.10116823775274335,0.09909003498901618,0.1065,-0.7409965010983816,0.1048,0.10377306478016535,0.1,0.5872993969139131,0.03825423304825585,-0.006424846900090417,-0.09099650109838237
212.0,0.0973,0.10165200723690089,0.09766437252574602,0.1,-0.233562747425399,0.0953,0.101008901324354,0.1,0.9999460038037479,0.06496869253663057,-0.0017535919515824366,-0.233562747425399
214.0,0.0878,0.10139812455538962,0.09484426564534959,0.1033,-0.8455734354650413,0.0888,0.09727305335042677,0.1,0.9288076867018497,0.04795333405753153,0.008557876757718394,-0.5155734354650415
216.0,0.1006,0.10804118996119821,0.09527092012942058,0.1097,-1.4429079870579424,0.1016,0.0979076247580297,0.1,0.30899756751361673,0.00943965366819479,0.015,-0.4729079870579425
218.0,0.1196,0.11594969196403809,0.09919361318070709,0.113,-1.3806386819292915,0.1113,0.10075360406296374,0.1,9.928959940075128e-06,2.8348681907329628e-05,0.015,-0.08063868192929174
220.0,0.1133,0.11395606132765874,0.10242562900495056,0.1162,-1.3774370995049439,0.1177,0.10390349554625318,0.1,5.135491722814059e-06,1.7447961611285416e-05,0.010148741990098895,0.24256290049505524
222.0,0.1068,0.10852726375413208,0.1038757106162284,0.1193,-1.5424289383771606,0.1177,0.10622426149227068,0.1,1.6923567417486077e-06,4.7671421757449035e-06,0.00239732075764211,0.3875710616228392
224.0,0.1196,0.10770137816829212,0.10562940909138348,0.1097,-0.4070590908616528,0.108,0.10628268233925375,0.1,1.7812772139270202e-06,5.812348895061839e-06,-0.008861497425124834,0.5629409091383473
226.0,0.1006,0.1035907068250829,0.10445308821655107,0.1162,-1.174691178344893,0.1113,0.10660922876894825,0.1,2.600420090970611e-06,9.525135697161496e-06,-0.015,0.44530882165510627
228.0,0.1036,0.10156527511337932,0.10413737107930335,0.1065,-0.23626289206966494,0.1177,0.10832854210728035,0.1,4.069173170701393e-06,1.8778104488359224e-05,-0.015,0.41373710793033425
230.0,0.107,0.10076081966274189,0.10361822277985694,0.1097,-0.6081777220143068,0.108,0.1075247542176145,0.1,0.08202950465535042,0.014599954266105579,-0.015,0.36182227798569333
232.0,0.1004,0.09871447825209968,0.10164010042680789,0.1033,-0.16598995731921112,0.0985,0.10457144837472579,0.1,0.5541105747572124,0.04336897325550592,-0.015,0.16401004268078861
234.0,0.091,0.0959252894250391,0.09828172384655799,0.1065,-0.8218276153442006,0.0921,0.10077819504142452,0.1,0.9270016494710679,0.05732506113026389,-0.011563447693115972,-0.17182761534420138
236.0,0.0851,0.09719236871595448,0.09552211296078054,0.1096,-1.4077887039219459,0.1048,0.10081123585266184,0.1,0.5128692551595841,0.023257000138557422,-0.00260767361467705,-0.4477887039219461
238.0,0.1196,0.10844993853528827,0.0977429757667973,0.1065,-0.8757024233202695,0.0983,0.10021695096482329,0.1,0.015126607084360956,0.000730206180305526,0.0019063748517283569,-0.22570242332027035
240.0,0.1196,0.11227949414464733,0.10094044718438276,0.116,-1.5059552815617243,0.108,0.10163502278505139,0.1,0.001650586951853113,0.008686242211117036,2.5480482962844664e-05,0.09404471843827561
242.0,0.1006,0.1062446107625968,0.10157713176192248,0.116,-1.4422868238077522,0.1145,0.10357890903027012,0.1,0.16473975778338346,0.020155806208560743,-0.0031287830408821132,0.1577131761922479
244.0,0.0943,0.10103390575793715,0.10093884695826896,0.1065,-0.5561153041731035,0.1177,0.10572275887045124,0.1,0.3324063717575584,0.027634743371467513,-0.005006476957420028,0.09388469582689574
246.0,0.0973,0.09965913282609926,0.09988141180581146,0.1002,-0.03185881941885349,0.108,0.10537261247463954,0.1,0.6502259779185162,0.044000298983618874,-0.004769300569042942,-0.011858819418854305
248.0,0.091,0.09880145254807676,0.09768176969144267,0.1033,-0.5618230308557335,0.1016,0.10349794600494384,0.1,0.5786252553192897,0.03296243656011712,-0.00013283995192826803,-0.2318230308557337
250.0,0.1038,0.10386224695090793,0.09790708773420438,0.1033,-0.5392912265795622,0.1048,0.10322784494549207,0.1,0.24942533151463017,0.01313281688725639,0.00405298457966298,-0.2092912265795624
252.0,0.1131,0.10850717476548692,0.09990371254024219,0.1065,-0.6596287459757808,0.108,0.10383101122876855,0.1,0.1189784087512418,0.011398106287423609,0.004245559499178611,-0.00962874597578156
254.0,0.1038,0.10664023754368682,0.10096525272512073,0.116,-1.5034747274879274,0.1145,0.10535341869126104,0.1,5.776454813142401e-05,0.003096016125775661,0.002315054048937157,0.09652527251207271
256.0,0.1068,0.10492633682642091,0.10225524525010721,0.1097,-0.7444754749892799,0.1177,0.10734780409052569,0.1,0.15237853142094193,0.018952570932965648,-0.0021954364512772467,0.22552452501072018
258.0,0.0973,0.10065200675902834,0.10118814544055951,0.1128,-1.1611854559440484,0.108,0.10642713717211377,0.1,0.5272634895112298,0.04004130938955789,-0.004571727332396261,0.11881454405595071
260.0,0.091,0.09783313042066552,0.09876110062188877,0.1033,-0.4538899378111236,0.1017,0.10430672463854061,0.1,0.4372049917821752,0.026903762868908936,-0.002093928576173784,-0.12388993781112384
262.0,0.1068,0.10275015788758196,0.09906038591924485,0.1065,-0.743961408075515,0.1048,0.10397304976522093,0.1,0.613321031345279,0.03900112875778212,-0.00021470041466346845,-0.09396140807551578
264.0,0.0973,0.10296746878136542,0.09775574184057083,0.1,-0.22442581594291772,0.0953,0.10113072899450298,0.2,1.0,1.0,0.0,-10.224425815942919
266.0,0.091,0.10320409561235008,0.09545147400566706,0.1033,-0.7848525994332944,0.0888,0.0974505636231159,0.2,0.9999999978988885,0.9999999866179972,0.0,-10.454852599433295
268.0,0.1068,0.11033295553376501,0.09670141399523688,0.1063,-0.9598586004763127,0.108,0.10949474395588096,0.2,0.9999999976775231,0.9999999860121709,0.0,-10.329858600476314
270.0,0.1165,0.1175688349195809,0.10060252581464882,0.1256,-2.499747418535117,0.1274,0.12305189319587685,0.2,0.9999999968310604,0.9999999839974414,0.0,-9.93974741853512
272.0,0.1354,0.1270071808334923,0.10736694099725305,0.1352,-2.7833059002746934,0.1434,0.1373770173571326,0.2,0.9999999933553056,0.9999999764079243,0.0,-9.263305900274696
274.0,0.1482,0.13693443205273545,0.11523334126372377,0.1446,-2.9366658736276237,0.1531,0.15079142776233756,0.2,0.9999999852646387,0.9999999581409914,0.0,-8.476665873627624
276.0,0.1614,0.147357429476399,0.12362557838872565,0.1543,-3.0674421611274343,0.1567,0.1621421138222121,0.2,0.999999974512494,0.9999999315813516,0.0,-7.637442161127436
278.0,0.1648,0.1563571553814259,0.13175284392424647,0.1713,-3.9547156075753542,0.1699,0.17389244572503265,0.2,0.9999999642749365,0.999999897665306,0.0,-6.824715607575355
280.0,0.1817,0.1671135685935021,0.14153235939640246,0.1781,-3.6567640603597544,0.1866,0.1871499417301044,0.2,0.9999999402060308,0.9999998043486017,0.0,-5.846764060359755
282.0,0.1952,0.17848543747457515,0.1520244754395096,0.1915,-3.9475524560490416,0.1998,0.2006739396675364,0.2,0.9999998501093362,0.9999992943624372,0.0,-4.797552456049043
284.0,0.1987,0.18824074639305277,0.16138980494956548,0.2085,-4.711019505043451,0.2066,0.2126346938875337,0.2,0.9999995086013039,0.7217041765476216,0.0,-3.861019505043453
286.0,0.2156,0.19961454757894773,0.1721829092519247,0.2153,-4.3117090748075295,0.2235,0.22615385546833533,0.2,0.9999983619282861,0.1803096805792511,0.0,-2.781709074807531
288.0,0.226,0.21089822719401585,0.18240754530304515,0.2187,-3.6292454696954857,0.2235,0.23227087683792721,0.2,0.28558516918949517,0.01993490932319037,0.0,-1.7592454696954862
290.0,0.242,0.22351168378062283,0.19369135928049802,0.2354,-4.170864071950198,0.2332,0.23118493153743216,0.2,5.988527705570045e-07,1.6295972096563889e-06,0.0,-0.630864071950199
292.0,0.2388,0.22239194164087023,0.20273764435809344,0.2418,-3.9062355641906548,0.2333,0.22862978849910723,0.2,2.0356206622797832e-07,5.379124988254484e-07,0.0,0.27376443580934273
294.0,0.2355,0.21820978452621384,0.20944342368940017,0.2354,-2.595657631059983,0.2427,0.22925050864747695,0.2,1.1358965243197911e-07,2.958751420372045e-07,0.0,0.9443423689400154
296.0,0.2388,0.2169905966909812,0.21399553013606734,0.2289,-1.4904469863932652,0.2364,0.22878860085608102,0.2,1.0719010974821072e-07,2.799159235635258e-07,0.0,1.3995530136067331
298.0,0.2323,0.21545529338353775,0.21577490153694168,0.2321,-1.6325098463058323,0.2301,0.2270658371825454,0.2,1.1399313902072352e-07,2.985498771033255e-07,0.0,1.5774901536941666
300.0,0.226,0.21354207653022703,0.21639566900099041,0.2386,-2.2204330999009594,0.2364,0.2272088417400138,0.2,1.059252774536171e-07,2.773269747594255e-07,0.0,1.6395669000990405
302.0,0.2323,0.21365108364548666,0.21717598855164635,0.2153,0.18759885516463626,0.2301,0.22608177541221508,0.2,3.007916397496097e-07,7.792180795578172e-07,0.0,1.7175988551646344
304.0,0.226,0.21255150006662663,0.2163521749997727,0.2257,-0.9347825000227322,0.2235,0.22357186638207122,0.2,2.961089701961905e-07,7.666067529102601e-07,0.0,1.635217499977268
306.0,0.2291,0.2125444917123887,0.21653942709972063,0.2153,0.12394270997206358,0.2299,0.22329298713588105,0.2,2.1891035213254676e-07,5.916276125360474e-07,0.0,1.6539427099720616
308.0,0.2223,0.21112614060106025,0.21500604813100724,0.2221,-0.7093951868992754,0.2201,0.2206150651989387,0.2,4.849342180381289e-07,1.2979766954490936e-06,0.0,1.5006048131007228
310.0,0.2258,0.21091304230040273,0.21475908396801371,0.2289,-1.414091603198628,0.2269,0.220293635977604,0.2,6.326845116271964e-07,1.7268728959896493e-06,0.0,1.4759083968013704
312.0,0.219,0.20941554630988693,0.2137790618330721,0.2189,-0.5120938166927907,0.2301,0.22057471269812187,0.2,1.3386848199868157e-06,3.9624421896010825e-06,0.0,1.3779061833072093
314.0,0.2123,0.20689250299234116,0.21154573787829228,0.2119,-0.03542621217077213,0.2235,0.2190355227583747,0.2,2.6244556813434194e-06,8.736568211582924e-06,0.0,1.1545737878292273
316.0,0.2156,0.20567438489484283,0.2098071445701363,0.2189,-0.9092855429863711,0.2168,0.2163979894093326,0.2,2.70107873463585e-06,9.054282194102263e-06,0.0,0.9807144570136289
318.0,0.2223,0.2061734528198805,0.20966586307058435,0.2121,-0.2434136929415659,0.2201,0.21537509371483382,0.2,2.7858116470784984e-06,1.2389064912497997e-05,0.0,0.9665863070584341
320.0,0.2155,0.20507170247233575,0.20815208160129936,0.2153,-0.7147918398700631,0.2134,0.212865652994162,0.2,6.43208096995006e-06,0.00021751953223615977,0.0,0.8152081601299349
322.0,0.219,0.20491072613466627,0.2070228028033261,0.2085,-0.1477197196673885,0.2066,0.20951489798140172,0.2,0.06098920305982392,0.015970420874490233,0.0,0.7022802803326095
324.0,0.2123,0.2034355911280553,0.20544629552543536,0.2121,-0.6653704474564648,0.21,0.20765887086856805,0.2,0.16469912562122543,0.022356689980490334,0.0,0.5446295525435352
326.0,0.2054,0.20180654054321012,0.203618022807248,0.2051,-0.14819771927520042,0.2167,0.20782214813646904,0.2,0.22792562341400782,0.024369517952256243,-0.007236045614495978,0.3618022807247989
328.0,0.2088,0.2025843616481576,0.20221030899462622,0.2121,-0.9889691005373791,0.21,0.20648603365962812,0.2,0.36239922386747675,0.031464744994292575,-0.011656663603748396,0.2210308994626209
330.0,0.2021,0.20243396797646643,0.20048199959429072,0.2051,-0.46180004057092827,0.2133,0.206017535814028,0.2,0.7257123101026778,0.05167810049694817,-0.012620662792329818,0.04819995942907107
332.0,0.1919,0.2016940600927309,0.19724630373608734,0.2085,-1.125369626391265,0.2066,0.2038364210743336,0.2,0.8791560432392687,0.05414064970715192,-0.007113270264504479,-0.27536962639126694
334.0,0.2021,0.20790876153555865,0.19556467613208686,0.2085,-1.2935323867913129,0.1966,0.2002724641077515,0.2,0.6868549403341482,0.03842855621599615,0.0017573774713218193,-0.4435323867913149
336.0,0.2123,0.21621572237259112,0.19667728875836,0.2085,-1.182271124164,0.2034,0.1993984692846669,0.2,0.43197859908889297,0.025725979612972856,0.008402799954601858,-0.33227112416400195
338.0,0.2123,0.21910370908068047,0.19883517772414266,0.2085,-0.9664822275857327,0.2133,0.20084658939871666,0.2,0.23402431433473708,0.01844546307250603,0.010732444506316552,-0.11648222758573468
340.0,0.2123,0.2175328627558543,0.20095614163979517,0.2153,-1.4343858360204824,0.2167,0.20270084213881864,0.2,0.15188376914108587,0.017542772547676153,0.008820161226726242,0.0956141639795155
342.0,0.2088,0.21317682856083103,0.20219563815950525,0.2085,-0.6304361840494738,0.2201,0.20486429552091448,0.2,0.1343371417623188,0.0184556115530479,0.004428884907715758,0.2195638159505242
344.0,0.2123,0.20994796491446036,0.2026630997945944,0.2153,-1.2636900205405588,0.21,0.2044099830335219,0.2,0.19794445602811506,0.023002779469067612,-0.0008973146814730271,0.26630997945943924
346.0,0.2054,0.20631828556678147,0.20221486902596736,0.2051,-0.2885130974032646,0.2167,0.20552292047703352,0.2,0.24107420901557386,0.024601628771134344,-0.005327052733407722,0.22148690259673476
348.0,0.2088,0.20542447759094656,0.20165699628986616,0.2121,-1.0443003710133847,0.2099,0.20495004177608783,0.2,0.4551271940377206,0.037196328695581815,-0.008641045313140028,0.16569962898661528
350.0,0.2021,0.20390964550940685,0.19976008583462262,0.2051,-0.533991416537738,0.2034,0.2028442041346134,0.2,0.7871208701810484,0.05392696099406431,-0.008161216982385255,-0.02399141653773862
352.0,0.1919,0.20352567578075287,0.1969176443772831,0.1951,0.18176443772831008,0.2066,0.20181874136840333,0.2,0.8424596552044906,0.050666034768196186,-0.001996505736951426,-0.30823556227169147
354.0,0.2054,0.21029954227661965,0.1960350490682603,0.2053,-0.9264950931739707,0.1966,0.19914619936375233,0.2,0.622174480582145,0.03507183365624849,0.00593339612652799,-0.3964950931739708
356.0,0.2088,0.21633158593540433,0.19748351700243827,0.2051,-0.7616482997561735,0.2133,0.20095025336376976,0.2,0.38531637695764026,0.024214387861398574,0.010966362121651474,-0.2516482997561742
358.0,0.2123,0.21794207712461314,0.19958675669770362,0.2085,-0.891324330229637,0.2133,0.2022355791068002,0.2,0.20301242993221466,0.01763951568681078,0.011792848726244254,-0.041324330229638995
360.0,0.2123,0.2158328896542827,0.20156066490485341,0.2153,-1.3739335095146576,0.2167,0.20399545274784403,0.2,1.0591876617590794e-05,0.0008123554525450655,0.008671518916537446,0.15606649048534038
362.0,0.2189,0.21350610716924176,0.20409853743246317,0.2085,-0.4401462567536818,0.2201,0.20635520204296365,0.2,1.5135671996703973e-05,0.005254043389889999,0.0004744440516111226,0.4098537432463162
364.0,0.2123,0.20796429593679425,0.20421647111989488,0.2153,-1.108352888010511,0.2099,0.2055563956631051,0.2,0.05953088051422967,0.016640719533895836,-0.00795849818817862,0.4216471119894871
366.0,0.2054,0.20311182076906845,0.20333417069745183,0.2051,-0.17658293025481775,0.2167,0.20650061514574286,0.2,0.1878844859645352,0.02424146132192177,-0.014626839583082252,0.3334170697451816
368.0,0.2088,0.20134631710398865,0.20237340112220448,0.2121,-0.9726598877795534,0.21,0.20591062807380234,0.2,0.3481879335565054,0.0318219152701636,-0.015,0.2373401122204466
370.0,0.2021,0.2005231679128458,0.2007344785955626,0.2051,-0.43655214044374113,0.2133,0.20607095885880244,0.2,0.7075468973039892,0.05116847681731458,-0.015,0.07344785955625821
372.0,0.1919,0.199735290821477,0.19749116908445,0.2085,-1.1008830915549994,0.2066,0.2043252550363265,0.2,0.8555264113040482,0.0533013376736179,-0.00998233816889997,-0.25088309155500144
374.0,0.2021,0.20585063592349834,0.19579431986147217,0.2085,-1.2705680138527824,0.1966,0.20103432052003478,0.2,0.5692507325599058,0.031719327890836806,-0.0015709778918442802,-0.42056801385278453
376.0,0.2123,0.21411825378675378,0.19754688352049382,0.2085,-1.0953116479506169,0.2133,0.20259594288306967,0.2,0.33775500688201565,0.02231008111222947,0.0033352550671680997,-0.245311647950619
378.0,0.2123,0.21559582878172037,0.1995529618322271,0.2087,-0.9147038167772903,0.2133,0.20351267179035953,0.2,0.03970687822456126,0.008521978170799104,0.0042293314027139345,-0.04470381677729174
380.0,0.2189,0.21489723312716516,0.20238395491707464,0.2187,-1.6316045082925363,0.2167,0.205194641167649,0.2,0.09566826392083394,0.018190238504476458,-0.0005385784314353298,0.23839549170746321
382.0,0.2088,0.2083848054083198,0.20259898981355415,0.2121,-0.9501010186445863,0.21,0.2046935788379193,0.2,0.2715256063024323,0.028755143925276772,-0.005736558058543603,0.25989898135541367
384.0,0.2021,0.20368169922918955,0.2014955500192097,0.2053,-0.38044499807902976,0.2134,0.20516321193291157,0.2,0.32485909416923675,0.028736300318092628,-0.008727658096963006,0.14955500192097015
386.0,0.2088,0.20428656499910125,0.2008132830919544,0.2085,-0.7686716908045593,0.2066,0.20422455218774002,0.2,0.6018988902192328,0.0449005123102971,-0.01035422428087178,0.08132830919543865
388.0,0.1987,0.20315883675027435,0.19842319685783713,0.2019,-0.34768031421628653,0.2,0.20166241762060663,0.2,0.642656793847264,0.042010425438834424,-0.007200617996546019,-0.15768031421628803
390.0,0.2054,0.20747730173556617,0.19771520735433348,0.2087,-1.0984792645666515,0.2034,0.20082394083888322,0.2,0.8380484619561364,0.05308661818468607,-0.002631032705212963,-0.2284792645666528
392.0,0.1987,0.20924359931136685,0.1960790081843645,0.1985,-0.24209918156355148,0.1966,0.19831049835269815,0.2,0.821939322445965,0.048173032830155935,0.005210950926058069,-0.3920991815635516
394.0,0.2054,0.21443135404621108,0.19615543925529738,0.2085,-1.2344560744702608,0.2,0.19748130272270337,0.2,0.5960172191739228,0.03389604984602026,0.012900072415463329,-0.384456074470263
396.0,0.2123,0.21908726551560112,0.1978215001053205,0.2085,-1.0678499894679478,0.2034,0.19774345287210093,0.2,0.2638764120215195,0.01726719399427944,0.015,-0.21784998946794976
398.0,0.2156,0.2198854822935473,0.2008258244660287,0.2121,-1.127417553397131,0.2167,0.20096623190455198,0.2,0.14310077444130842,0.01640946384939689,0.013348351067942618,0.08258244660286906
400.0,0.2088,0.21451491826377647,0.20245892114414893,0.2085,-0.6041078855851062,0.2201,0.20394684399204888,0.2,0.08502491019404493,0.015698588379471235,0.008430508779644783,0.24589211441489178
402.0,0.2123,0.21017993752895683,0.20337258328898578,0.2153,-1.1927416711014216,0.2133,0.20488543972713955,0.2,0.1540760669873081,0.021463302514857053,0.0016853422016732539,0.33725832889857643
404.0,0.2054,0.20529581175193257,0.20295875013480472,0.2051,-0.21412498651952883,0.2167,0.20626757004414012,0.2,0.20498170757024267,0.023482483740260313,-0.0042321580679361565,0.2958750134804705
406.0,0.2088,0.20370275733753174,0.20232854632161196,0.2121,-0.9771453678388053,0.21,0.20592793523395908,0.2,0.42479166687410275,0.03629379707716127,-0.008889250711160049,0.23285463216119462
408.0,0.2021,0.20186461295216682,0.20030821771823876,0.2051,-0.47917822817612477,0.2034,0.20395182609256607,0.2,0.7601591635812092,0.05309682547838595,-0.00950568614763754,0.030821771823874577
410.0,0.1919,0.20135928678881035,0.19734170023059913,0.1951,0.22417002305991363,0.2066,0.20299979618561115,0.2,0.8828093084686899,0.053997601246385904,-0.004189086608835782,-0.2658299769400879
412.0,0.2021,0.2073684990935539,0.19587713127844852,0.2085,-1.2622868721551468,0.1966,0.20025968690666268,0.2,0.6496965547716373,0.036276569198624334,0.004056650834267192,-0.4122868721551487
414.0,0.2088,0.21449220039074446,0.19729832130461344,0.2085,-1.1201678695386548,0.2133,0.20211769428685014,0.2,0.3950619492091015,0.024419178890290723,0.009460008225040326,-0.2701678695386567
416.0,0.2123,0.21666501491719398,0.19946260069115543,0.2085,-0.9037399308844563,0.2133,0.20338101033887337,0.2,0.13904993912873864,0.013549025425826594,0.010534806842729491,-0.053739930884458276
418.0,0.2155,0.21538219592926627,0.20198230208504164,0.2189,-1.6917697914958367,0.2167,0.2051885082233844,0.2,0.0751529648914475,0.01491577913368911,0.006570202672646228,0.19823020850416317
420.0,0.2088,0.20983859369570249,0.2030630467191322,0.2121,-0.9036953280867815,0.2199,0.20714520533301137,0.2,0.2476425892851475,0.0275222633781747,0.00044410923438185923,0.3063046719132184
422.0,0.2021,0.20403129871648554,0.20205691422097455,0.2153,-1.3243085779025443,0.2134,0.20708435946508894,0.2,0.3797159696831467,0.03272101300143164,-0.0036697192075672153,0.20569142209745372
424.0,0.2054,0.2032143179877077,0.20086169249816055,0.2085,-0.7638307501839442,0.2066,0.20571414131873236,0.2,0.556266448330586,0.04103544230997047,-0.005393104203888291,0.08616924981605378
426.0,0.1987,0.2030273927377085,0.19913110048106586,0.1985,0.06311004810658494,0.21,0.2052830317705444,0.2,0.670390633299959,0.04459089485897314,-0.003655305166019987,-0.0868899518934152
428.0,0.2021,0.20578488539653073,0.19786637214136094,0.2051,-0.7233627858639069,0.2034,0.20350842740427258,0.2,0.7074625169301085,0.04439386791713293,0.0006119505512581641,-0.21336278586390756
430.0,0.2021,0.20906704594696607,0.19732798726979967,0.2051,-0.777201273020034,0.2066,0.2028751791577178,0.2,0.4630221165339871,0.028013496015592405,0.005955976011658856,-0.2672012730200346
432.0,0.2123,0.21388676414340807,0.19909079090700937,0.2085,-0.9409209092990617,0.2133,0.20415258484864388,0.2,0.31172970681564793,0.023079157764885536,0.00777439419764013,-0.09092090929906371
434.0,0.2088,0.21301825370399,0.20054602850879583,0.2153,-1.4753971491204165,0.2167,0.2056420242083384,0.2,0.3930532206172096,0.031527389000287495,0.0066823371800485,0.0546028508795815
436.0,0.2021,0.2089952748116405,0.2004011179886901,0.2153,-1.48988820113099,0.2133,0.2058554639266266,0.2,0.4691589398616922,0.03508291934092324,0.005880101202668339,0.040111798869008064
438.0,0.2054,0.20815014047350994,0.20000757132953287,0.2085,-0.8492428670467123,0.2066,0.20472291396070397,0.2,0.6151119002361457,0.04271488899962232,0.005864958543602625,0.0007571329532857218
440.0,0.1987,0.20724382363060503,0.19887692474399857,0.2121,-1.3223075256001442,0.21,0.2045201941469427,0.2,0.711970514071642,0.04588966185941523,0.008111109055605512,-0.11230752560014434
442.0,0.2021,0.20919381299171896,0.1980040914665391,0.2051,-0.7095908533460898,0.2034,0.2029694962393187,0.2,0.6055126843585847,0.03705322264747731,0.012102926122527322,-0.1995908533460905
444.0,0.2088,0.21319678237312933,0.19866543660075386,0.2019,-0.3234563399246132,0.2066,0.20272199866100588,0.2,0.5888375195850959,0.03786547919139431,0.014772052921019616,-0.1334563399246147
446.0,0.2021,0.21294938433787536,0.1987367708210346,0.2085,-0.9763229178965382,0.21,0.2030382962836377,0.2,0.4218162112477071,0.027789717051946345,0.015,-0.12632291789654027
448.0,0.2088,0.21402999651165272,0.2002148220745164,0.2153,-1.5085177925483584,0.2168,0.205053027314542,0.2,0.35948938662932334,0.027139083059652427,0.014570355850967207,0.021482207451639646
450.0,0.2088,0.21241799459008506,0.20099132005195916,0.2121,-1.1108679948040852,0.21,0.20495096204456947,0.2,0.4022308045380208,0.03131309571703156,0.012587715747048908,0.09913200519591492
452.0,0.2021,0.209240422085762,0.20092563846987868,0.2051,-0.4174361530121323,0.2167,0.2063113931101632,0.2,0.4024190819138724,0.030669601079357258,0.010736438807291568,0.09256384698786702
454.0,0.2088,0.20906913744216146,0.20094287722763082,0.2119,-1.095712277236918,0.2066,0.20526059572352104,0.2,0.5308594732041675,0.03870232676181471,0.008850684352029944,0.09428772276308117
456.0,0.1987,0.20691526160801976,0.19991463298780893,0.2019,-0.19853670121910694,0.2134,0.2057733342562513,0.2,0.6554845336858466,0.04410460391001648,0.009021418376412113,-0.008536701219108433
458.0,0.2021,0.20778320169735434,0.19880592584659415,0.2051,-0.6294074153405854,0.2034,0.2039885529425696,0.2,0.5091432181639713,0.03224035429551842,0.011409566683223835,-0.11940741534058608
460.0,0.2088,0.2115202990543006,0.1996528308813862,0.2121,-1.2447169118613821,0.2133,0.20512843457697832,0.2,0.3761605180769274,0.026465993415359754,0.012103904920451478,-0.03471691186138215
462.0,0.2123,0.21262666999937435,0.20066313681011635,0.2051,-0.44368631898836497,0.2066,0.20438152508508572,0.2,0.3994555276552477,0.030701956319990398,0.01077763130021879,0.06631368101163437
464.0,0.2021,0.20954996986488653,0.20071607095697294,0.2051,-0.4383929043027063,0.2168,0.20590406653616447,0.2,0.39649380494325503,0.030338829588776196,0.009345489386272929,0.07160709569729307
466.0,0.2088,0.20917925006157242,0.20082742992024089,0.2085,-0.7672570079759106,0.2066,0.20496617992488736,0.2,0.5252803778800746,0.038492717572819364,0.0076906295457911805,0.08274299202408741
468.0,0.1987,0.20686206561256762,0.19985332229509023,0.2017,-0.18466777049097605,0.2134,0.20557358615782348,0.2,0.5849558764895065,0.03980282658968843,0.007983984955610743,-0.014667770490978116
470.0,0.2054,0.20834079457954946,0.1992511574782328,0.2087,-0.9448842521767198,0.2034,0.20395558492589735,0.2,0.6781307852435418,0.04435451410739676,0.009481669999145168,-0.07488425217672123
472.0,0.2053,0.21000203722297142,0.19841614478666253,0.1951,0.3316144786662534,0.1966,0.20114638599635207,0.2,0.6069030264735482,0.03795088672604743,0.012649380425820131,-0.15838552133374817
474.0,0.2088,0.21317273129491204,0.19885338506411088,0.2019,-0.3046614935889119,0.2034,0.20077166715983302,0.2,0.589125367337066,0.038019459677151805,0.0149426102975984,-0.11466149358891342
476.0,0.2021,0.21289757849158183,0.19890113909462812,0.2051,-0.6198860905371889,0.21,0.2017476474849769,0.2,0.447057098342407,0.02948098685014293,0.015,-0.10988609053718956
478.0,0.2088,0.21389497212506742,0.2001389172558517,0.2119,-1.1761082744148306,0.2134,0.2034481812180301,0.2,0.282798367574814,0.021869741517740626,0.01472216548829662,0.013891725585168935
480.0,0.2088,0.2126976702535826,0.20160530511257035,0.2085,-0.6894694887429637,0.2199,0.20614096701942874,0.2,0.16744985548957167,0.018022772515474333,0.011511555263155934,0.16053051125703433
482.0,0.2123,0.21041070161284747,0.20272674178965094,0.2153,-1.2573258210349048,0.2133,0.2067385198829825,0.2,0.19983301516053237,0.022592379560899423,0.006058071683854069,0.2726741789650933
484.0,0.2054,0.20606897134171073,0.20263703096362498,0.2053,-0.2662969036375029,0.2168,0.2078518420656869,0.2,0.23140382809759036,0.024230175288236837,0.0007840097566041287,0.263703096362497
486.0,0.2088,0.2043696330052246,0.20228165975637413,0.2119,-0.9618340243625872,0.21,0.20729351198876741,0.2,0.4405086549157809,0.03680900495141497,-0.003779309756144114,0.22816597563741214
488.0,0.2021,0.20224532642806242,0.2004517832221001,0.2051,-0.4648216777899894,0.2034,0.20516914147265927,0.2,0.7024070308232735,0.04922039541651609,-0.004682876200344313,0.04517832221000995
490.0,0.1952,0.20216183058817389,0.1980861097167256,0.1951,0.298610971672561,0.2066,0.20421524223394572,0.2,0.76948781833363,0.048063312922924324,-0.0008550956337955024,-0.19138902832744054
492.0,0.2054,0.2075166458136219,0.19709434574382698,0.2085,-1.1405654256173015,0.1966,0.2014427477014652,0.2,0.7245107949161362,0.04344202088107978,0.004956212878550567,-0.2905654256173035
494.0,0.2054,0.21196368084666695,0.19719632069548934,0.2121,-1.4903679304510669,0.2034,0.2008535251095058,0.2,0.3906138984477499,0.023085042331494696,0.010563571487571907,-0.280367930451067
496.0,0.219,0.21715653593011702,0.19977618257097304,0.2121,-1.2323817429026969,0.2066,0.20143473155311173,0.2,0.30834500632525136,0.02438402934073507,0.011011206345625843,-0.02238174290269679
498.0,0.2088,0.21396193245981102,0.20091550584989717,0.2087,-0.7784494150102822,0.21,0.20225397114856922,0.2,0.18755405917277643,0.018918186356388703,0.009180194645831516,0.09155058498971635
500.0,0.2123,0.21165174316766383,0.20227421036436855,0.2153,-1.3025789635631446,0.2134,0.20389069076899038,0.2,0.20785253095520867,0.022708885089217194,0.004631773917094448,0.2274210364368534
502.0,0.2054,0.20720241562932223,0.20235425629554862,0.2085,-0.6145743704451367,0.2167,0.20570270580665856,0.2,0.5037178961771076,0.04120072611518276,-7.673867400277701e-05,0.23542562955486124
504.0,0.1952,0.2023757714076025,0.20013545579008055,0.2121,-1.1964544209919463,0.21,0.2053080308847873,0.2,0.650041197346665,0.04472673320957743,-0.00034765025416384765,0.013545579008053532
506.0,0.2021,0.20449239684947063,0.1986431176760331,0.2051,-0.6456882323966906,0.2034,0.20380276885429996,0.2,0.69400050158309,0.04416616093949498,0.0023661143937699775,-0.13568823239669126
508.0,0.2021,0.2077847369702864,0.19788146476498822,0.2051,-0.7218535235011786,0.2066,0.2033314473414548,0.2,0.5866122188761977,0.036212675422345846,0.0066031848637935625,-0.21185352350117925
510.0,0.2054,0.21121264323034816,0.19848858418048354,0.2085,-1.0011415819516452,0.2133,0.20450562206763387,0.2,0.4061988749709978,0.026767888302308678,0.009626016502826504,-0.15114158195164706
512.0,0.2088,0.21270937523072983,0.19995016467351973,0.2153,-1.5349835326480266,0.2167,0.20613848286860784,0.2,0.276979483944718,0.02228334145606719,0.009725687155787074,-0.0049835326480285325
514.0,0.2123,0.2119432293177587,0.20125585826316922,0.2121,-1.0844141736830792,0.21,0.20587947852120392,0.2,0.3379928025006656,0.028932679826611605,0.00721397062944866,0.12558582631692072
516.0,0.2021,0.20772465963484374,0.20114701319024839,0.2051,-0.39529868097516185,0.2167,0.20701050489203446,0.2,0.3601505075720309,0.029437961807089366,0.00491994424895191,0.11470131902483749
518.0,0.2088,0.2071471620634024,0.2010434740693362,0.2121,-1.1056525930663808,0.2066,0.20582974800494744,0.2,0.502261190467685,0.037887382195329625,0.002832996110279526,0.10434740693361921
520.0,0.1987,0.2050456717736786,0.19988584067509746,0.2019,-0.2014159324902537,0.2134,0.20625152731305385,0.2,0.5390920473141164,0.037438861447173226,0.0030613147600846297,-0.011415932490255187
522.0,0.2054,0.2068590838728638,0.19937550037081092,0.2085,-0.912449962918907,0.2066,0.20521880892587374,0.2,0.7756305163267943,0.05144627886360646,0.00431031401846281,-0.06244996291890903
524.0,0.1987,0.20696741379557276,0.1974665509243211,0.2019,-0.4433449075678886,0.1966,0.2018801478670924,0.2,0.78670905547733,0.04750010971539973,0.009377212169820612,-0.2533449075678901
526.0,0.2054,0.21165070054712704,0.1972004895047515,0.1985,-0.12995104952485126,0.2,0.2004873929473588,0.2,0.6559799340472477,0.03863558931814215,0.01497623316031764,-0.2799510495248514
528.0,0.2054,0.21490647455762316,0.1977901788227611,0.2019,-0.41098211772389037,0.2066,0.20086912569843332,0.15,0.0,1.8068756955328933e-09,0.0,4.77901788227611
530.0,0.2088,0.2159263786854786,0.19900881440741391,0.2153,-1.6291185592586077,0.2066,0.2011662582898887,0.15,0.0,5.41353985838074e-11,0.0,4.900881440741392
532.0,0.2123,0.20830630321991525,0.20123468478948398,0.2153,-1.4065315210516016,0.2134,0.20280820534506172,0.15,4.81901361122039e-10,1.0551486054214047e-08,0.0,5.123468478948398
534.0,0.2054,0.20232848999353975,0.20149568720862482,0.2085,-0.7004312791375172,0.2167,0.20477221046720262,0.15,3.231471445806117e-10,1.0255575057889422e-08,0.0,5.149568720862482
536.0,0.2087,0.1991564394284613,0.20127785697495196,0.2121,-1.0822143025048052,0.21,0.20483928852860828,0.15,7.340484994688211e-10,1.1091865938772498e-08,0.0,5.127785697495196
538.0,0.2021,0.1957188917014322,0.19946465296251056,0.2051,-0.5635347037489441,0.2034,0.20318311739503844,0.15,0.0,5.151710830220831e-10,0.0,4.946465296251057
540.0,0.1952,0.1919829784577497,0.19710779141906912,0.1951,0.20077914190691215,0.2066,0.20247333039043516,0.15,4.2094780562247013e-10,1.0530622317455854e-08,0.0,4.7107791419069125
542.0,0.2021,0.19071701580550215,0.19571666864883164,0.2019,-0.6183331351168359,0.2,0.2005509021776299,0.15,1.3700191870255202e-09,1.2467128639182993e-08,0.0,4.571666864883165
544.0,0.1919,0.1876118318240131,0.19244829437933317,0.1951,-0.26517056206668277,0.19,0.19647124062037363,0.15,3.832312006402928e-10,1.0537773609336398e-08,0.0,4.244829437933317
546.0,0.1987,0.18683832725862334,0.1913133403637268,0.1985,-0.7186659636273213,0.1966,0.19514727602119253,0.15,1.980225985413357e-09,1.3788883632064266e-08,0.0,4.13133403637268
548.0,0.1885,0.18405578559299132,0.18828562897345047,0.1917,-0.341437102654954,0.1867,0.19154099646973105,0.15,3.488918823174029e-09,1.6882831991164122e-08,0.0,3.8285628973450474
550.0,0.1952,0.18328297139387523,0.1861899403390771,0.1951,-0.8910059660922898,0.1767,0.1866861019342912,0.15,0.0,6.595057621039917e-09,0.0,3.6189940339077102
552.0,0.1885,0.18118543881109042,0.1829467443530181,0.1883,-0.5353255646981886,0.1667,0.18056624297915744,0.15,1.1866238334033924e-08,3.438841532878202e-08,0.0,3.2946744353018116
554.0,0.1817,0.178253995952727,0.1797056413455197,0.1951,-1.53943586544803,0.1699,0.17665416022114416,0.15,1.5768894450249975e-08,4.270946956147362e-08,0.0,2.97056413455197
556.0,0.1851,0.17683671894394096,0.17790331360517558,0.1849,-0.6996686394824425,0.1733,0.17462529880326794,0.15,2.6228336985521123e-08,6.560980814863057e-08,0.0,2.790331360517559
558.0,0.1783,0.1742775675892703,0.17508067898153337,0.1781,-0.30193210184666364,0.1667,0.17138060658731946,0.15,2.952909345311475e-08,7.293410748079746e-08,0.0,2.508067898153338
560.0,0.1851,0.17386493822101814,0.17429682258840354,0.1849,-1.060317741159647,0.1733,0.170658424143306,0.15,3.808446019373287e-08,9.229674241170808e-08,0.0,2.429682258840354
562.0,0.1783,0.17217499480352486,0.17295207167507518,0.1747,-0.1747928324924819,0.1765,0.17063160156825866,0.15,1.7949515715861286e-08,5.0174816264264425e-08,0.0,2.295207167507518
564.0,0.1817,0.17154683899881448,0.17190673773017592,0.1815,-0.9593262269824071,0.1699,0.16915331219615734,0.15,2.5174698816229378e-08,6.708103119715353e-08,0.0,2.190673773017593
566.0,0.1749,0.16974189982513824,0.17058183160658275,0.1747,-0.41181683934172486,0.1765,0.16935276109599848,0.15,2.3353524318321055e-08,6.277777954145747e-08,0.0,2.0581831606582752
568.0,0.1817,0.16985088008625351,0.1707012158223449,0.1645,0.6201215822344897,0.1799,0.17040462985142926,0.15,8.604996325011359e-08,2.053155905759238e-07,0.0,2.070121582234491
570.0,0.1716,0.16775668153457904,0.1689198940575727,0.1713,-0.23801059424272963,0.1733,0.16938596395979605,0.15,1.062116289449936e-07,2.5457401018025075e-07,0.0,1.8919894057572717
572.0,0.1783,0.1675155972657537,0.16800155667188527,0.1611,0.6901556671885273,0.1667,0.16727800695571757,0.15,1.4971644402363212e-07,3.626435131373398e-07,0.0,1.8001556671885273
574.0,0.1715,0.1659517142346231,0.16656920781342066,0.1679,-0.13307921865793326,0.1699,0.16626423952874692,0.15,1.985312980473386e-07,4.871748648108191e-07,0.0,1.6569207813420666
576.0,0.175,0.1654306845733201,0.1654830850708759,0.1577,0.7783085070875884,0.1633,0.16408023232855082,0.15,4.171275678142569e-07,1.069948386795929e-06,0.0,1.5483085070875897
578.0,0.1682,0.16348190774290952,0.1629947464153016,0.1511,1.1894746415301582,0.1531,0.15992782386424856,0.15,5.586668990154636e-07,1.4624266241487233e-06,0.0,1.2994746415301601
580.0,0.1716,0.1628208344529327,0.16201278277781708,0.1577,0.4312782777817076,0.1599,0.15853979263320794,0.15,8.583346928919907e-07,2.329981879803703e-06,0.0,1.2012782777817088
582.0,0.1648,0.1609900223674516,0.16076035928213808,0.1511,0.966035928213807,0.1667,0.15885418513642516,0.15,2.473817073864421e-06,7.722970522156666e-06,0.0,1.0760359282138088
584.0,0.158,0.158128737672432,0.15833620359575454,0.1543,0.4036203595754545,0.1601,0.15737861346597667,0.15,2.3325398656005766e-06,8.643226681343347e-06,0.0,0.8336203595754543
586.0,0.1614,0.15676276178988455,0.15710963441337333,0.1611,-0.39903655866266596,0.1633,0.15707701237549238,0.15,0.0104205601537372,0.011138082236802618,0.0,0.7109634413373339
588.0,0.1544,0.15417736615658115,0.15471121753172526,0.1543,0.04112175317252664,0.1567,0.1551418605450874,0.15,0.05348888325097913,0.01460470688357053,0.0,0.47112175317252647
590.0,0.158,0.15315998966036096,0.15353716740525544,0.148,0.553716740525545,0.1599,0.15465618682691337,0.15,0.28354160235236553,0.028346360062857227,-0.007074334810510896,0.3537167405255448
592.0,0.1514,0.15140141640059346,0.15122798048520636,0.1511,0.012798048520634708,0.1531,0.1525751774194533,0.15,0.45796957075976746,0.034845527792358395,-0.009530295780923626,0.12279804852063647
594.0,0.1544,0.1532869105863833,0.14936384832158345,0.1478,0.1563848321583461,0.1468,0.14974586962911948,0.15,0.5930605232372929,0.03956194408269045,-0.008257992424090532,-0.06361516784165466
596.0,0.1514,0.1558148237354398,0.14788868128040758,0.1511,-0.3211318719592432,0.1499,0.14826264336896727,0.15,0.8457583458785611,0.05243877323747541,-0.0040353549849057035,-0.21113187195924144
598.0,0.1419,0.15685049921252928,0.145840498057134,0.1543,-0.8459501942865988,0.1531,0.14758661591997854,0.15,0.9045615606228115,0.05094068951205676,0.004283648900826276,-0.41595019428659896
600.0,0.1514,0.1622535161901932,0.14529654860801805,0.1511,-0.5803451391981962,0.1466,0.14590462663752995,0.15,0.6024865340263785,0.030404327185795887,0.013690551684790164,-0.47034513919819443
602.0,0.1647,0.16929378042207902,0.1471300839615708,0.1511,-0.3969916038429222,0.1468,0.14500191607456184,0.15,0.23712343705919958,0.013155959692864217,0.015,-0.28699160384292044
604.0,0.1682,0.17118200861351443,0.15021704861863178,0.1611,-1.0882951381368215,0.1567,0.14654499130164345,0.15,0.1620606522140427,0.016020171192377405,0.014565902762736435,0.021704861863178215
606.0,0.158,0.1659864707864803,0.1515394942480653,0.1577,-0.616050575193472,0.1599,0.14818434801253452,0.15,0.07835699431975737,0.012979584861683175,0.01148691426660585,0.1539494248065293
608.0,0.1648,0.16318567469668763,0.1526685642069689,0.1511,0.1568564206968881,0.1531,0.14828109129157938,0.15,0.08225664225149007,0.015094913265468994,0.006149785852668052,0.26685642069688986
610.0,0.158,0.15916872043763838,0.1528194547888826,0.1577,-0.4880545211117415,0.1599,0.1497894082882317,0.15,0.00017199101102224467,0.00867627509143235,0.0005108762749028578,0.2819454788882597
612.0,0.1614,0.15737638197623835,0.15335474193317594,0.1511,0.225474193317593,0.1633,0.15182875946130608,0.15,0.11389850402319295,0.018757303739492012,-0.006198607591449037,0.33547419331759476
614.0,0.1546,0.1537537331777826,0.15226183432955606,0.1543,-0.2038165670443931,0.1567,0.1516433038627848,0.15,0.21843829699438383,0.02343951764695792,-0.010722276250561172,0.22618343295560672
616.0,0.158,0.1532771700458112,0.15119486501674625,0.1478,0.3394865016746268,0.1499,0.15015095244141127,0.15,0.38389695460017303,0.03165021786838104,-0.013112006284053693,0.11948650167462604
618.0,0.1514,0.1527882338714659,0.14963496816191332,0.1415,0.8134968161913336,0.1531,0.14959632494235417,0.15,0.5056018102438038,0.035910539903965775,-0.01238194260788035,-0.03650318380866713
620.0,0.1544,0.15479412168196235,0.14841358659608536,0.1478,0.06135865960853748,0.1466,0.1477832351955186,0.15,0.6091246064526566,0.03972560615971119,-0.009209115800051085,-0.15864134039146327
622.0,0.1514,0.15683846894034265,0.14743849837876535,0.1511,-0.36615016212346585,0.1499,0.147080581958274,0.15,0.8454250090161877,0.05225952865375979,-0.004086112557581803,-0.2561501621234641
624.0,0.1419,0.15723304995705983,0.1457229381531661,0.1446,0.11229381531660809,0.1531,0.1469871350873827,0.15,0.9615324647817167,0.05473167198634713,0.004468011136086011,-0.4277061846833907
626.0,0.1482,0.161363660029303,0.14492518697338969,0.1511,-0.6174813026610326,0.1466,0.14565532209314627,0.15,0.827531575233153,0.04362394107653717,0.014617637189306629,-0.5074813026610309
628.0,0.1482,0.16548337331686194,0.14527375809433754,0.1577,-1.2426241905662465,0.1565,0.14685113950609616,0.15,0.5214087223360655,0.026758936900300238,0.015,-0.4726241905662454
630.0,0.1614,0.1692639449325906,0.14751870216727034,0.1511,-0.3581297832729674,0.1531,0.1472372046238427,0.15,0.15092799318483216,0.009640073754880317,0.015,-0.24812978327296564
632.0,0.1682,0.1696538094833509,0.15092480971997851,0.1645,-1.3575190280021494,0.1599,0.14920745808650188,0.15,0.0013384538266383022,0.007678156020728519,0.01315038056004296,0.09248097199785199
634.0,0.1614,0.16425733081093713,0.152857582973323,0.1611,-0.8242417026676996,0.1633,0.15131641214784128,0.15,0.12546663274313624,0.019385614960835688,0.007435214613396954,0.2857582973323003
636.0,0.1546,0.1576599904193734,0.15253952180015878,0.1414,1.1139521800158785,0.1567,0.1514109950192398,0.15,0.13466421060707778,0.01796788392261297,0.002356171013079375,0.25395218001587894
638.0,0.158,0.15568563484401154,0.15249417577293198,0.1577,-0.5205824227068029,0.1601,0.1525280405689871,0.15,0.05106092970699415,0.012453985290470388,-0.002632180532784592,0.24941757729319836
640.0,0.1648,0.155825082397895,0.15280440982111856,0.1511,0.1704409821118552,0.1531,0.15193109591445694,0.15,0.15214685790495777,0.020417261401494205,-0.008241000175021732,0.280440982111857
642.0,0.1544,0.1528898909225275,0.15184039501630278,0.1577,-0.5859604983697225,0.1567,0.1519875927490675,0.15,0.05412728826359101,0.012446487998158324,-0.011921790207627306,0.1840395016302787
644.0,0.1614,0.15363964936120156,0.15231310835574943,0.1511,0.12131083557494204,0.1633,0.15374969694555693,0.15,0.23350798253190994,0.025436122753947986,-0.015,0.2313108355749438
646.0,0.1514,0.15082599462682075,0.15090817392257302,0.1543,-0.3391826077426968,0.1567,0.15319120066726993,0.15,0.2215797021240199,0.021351835491930038,-0.015,0.09081739225730301
648.0,0.158,0.15240887979343257,0.15076380778009035,0.1478,0.2963807780090366,0.1599,0.15376172773037658,0.15,0.37210361021799415,0.030749257649079372,-0.015,0.07638077800903587
650.0,0.1514,0.15179872346928303,0.14940549873660708,0.1511,-0.16945012633929335,0.1531,0.15235829060356815,0.15,0.39768207434801367,0.0294152546078818,-0.013810997473214168,-0.05945012633929159
652.0,0.1544,0.15373721018046638,0.14898676666263597,0.1543,-0.5313233337364026,0.1567,0.15225857329708428,0.15,0.5937810028426632,0.0409637021278338,-0.011784530798486112,-0.10132333373640279
654.0,0.1482,0.15382580536896445,0.14749722776016788,0.1478,-0.030277223983210533,0.1499,0.1503969544355611,0.15,0.7480955724273548,0.04678908156121237,-0.006778986318821886,-0.2502772239832113
656.0,0.1514,0.15666059269585125,0.14637407850174497,0.1415,0.4874078501744983,0.1434,0.1476792501866484,0.15,0.8790340409646386,0.05164987199455337,0.0004728566776881632,-0.3625921498255025
658.0,0.1482,0.1596215871758406,0.14547570744848198,0.1511,-0.5624292551518029,0.1466,0.14632153446265314,0.15,0.6011880802174544,0.031290476643687934,0.009521441780724185,-0.4524292551518011
660.0,0.1614,0.16602563064541956,0.14750831904250342,0.1511,-0.3591680957496596,0.1567,0.14793088938752444,0.15,0.39443609856510686,0.02341553511991714,0.014504803695717342,-0.24916809574965781
662.0,0.1614,0.1668743938480588,0.149320613176848,0.1577,-0.8379386823152007,0.1531,0.14816489998546267,0.15,0.4377088841850873,0.030589915751354953,0.015,-0.0679386823151995
664.0,0.1514,0.16293944915680056,0.14960791798539597,0.1541,-0.4492082014604021,0.1567,0.1489547683829957,0.15,0.3419924216378909,0.024129854973268815,0.015,-0.039208201460402825
666.0,0.158,0.16239877779407147,0.15067506374452924,0.1478,0.2875063744529255,0.1599,0.15059951074707106,0.15,0.4591966306536095,0.0333381744859133,0.013649872510941505,0.06750637445292473
668.0,0.1514,0.15944801721618398,0.15007650242858517,0.1511,-0.10234975714148442,0.1531,0.15010810344521547,0.15,0.4661056806586005,0.03167663508642231,0.013496867653771158,0.007650242858517342
670.0,0.1544,0.15959163707909327,0.1500589754493459,0.1577,-0.7641024550654102,0.1567,0.15075410510196832,0.15,0.5834229775706724,0.038750906074134533,0.013378916755079337,0.005897544934591048
672.0,0.1514,0.1589932877035879,0.1491897148849086,0.1511,-0.19102851150914202,0.1499,0.14958085906294707,0.15,0.561876867203701,0.03511468587332813,0.014999486985262142,-0.08102851150914026
674.0,0.1544,0.16062404632134816,0.1491172600126734,0.1511,-0.19827399873266205,0.1531,0.14957403973151545,0.15,0.4093442049770626,0.02572501274910937,0.015,-0.08827399873266029
676.0,0.158,0.16224753620064594,0.1501557284819369,0.1415,0.8655728481936908,0.1599,0.1511376589803858,0.15,0.2613410722637477,0.019382770973013275,0.014688543036126198,0.015572848193690092
678.0,0.158,0.16154160643231696,0.15131809780928648,0.1611,-0.978190219071351,0.1633,0.15300027219847034,0.15,0.36445654400451416,0.02900542182040508,0.01205234741755322,0.13180978092864892
680.0,0.1514,0.1578735134771327,0.15080636435463843,0.1543,-0.34936356453615647,0.1567,0.15273850438840805,0.15,0.2975265704104935,0.023108033912177164,0.010439618708276352,0.08063643546384336
682.0,0.158,0.15815130245542408,0.15127973951318696,0.1478,0.34797395131869746,0.1599,0.1535792526829654,0.15,0.4308228560742428,0.03266284344449981,0.007880139681902418,0.1279739513186967
684.0,0.1514,0.15606833961220715,0.15027577082888174,0.1511,-0.08242291711182681,0.1529,0.15238311184118314,0.15,0.44484816601937754,0.03107413372043505,0.007328598024138919,0.027577082888174953
686.0,0.1544,0.1569251542025817,0.15002665773527218,0.1541,-0.4073342264727803,0.1567,0.15252861193454337,0.15,0.6320348748885237,0.042363288734584725,0.007275282553594539,0.002665773527218973
688.0,0.1482,0.15618361440668296,0.14857899782150324,0.1511,-0.25210021784967673,0.1499,0.15086468768695868,0.15,0.7756883695987816,0.047731842163030905,0.010117286910588039,-0.14210021784967497
690.0,0.1514,0.1584015664258078,0.14742837601725484,0.1478,-0.03716239827451506,0.1434,0.14829450978803418,0.15,0.7098303144742933,0.04049653808072868,0.015,-0.2571623982745158
692.0,0.1514,0.16162951419126081,0.14735386880964854,0.1478,-0.04461311903514453,0.1531,0.14860347240308655,0.15,0.47430621837937825,0.026695848938733127,0.015,-0.2646131190351453
694.0,0.1614,0.16501574200114671,0.14896772114326223,0.1577,-0.8732278856737774,0.1531,0.14899905013097622,0.15,0.0533951847326907,0.004982215075128208,0.015,-0.10322788567377617
696.0,0.1682,0.16609344054062358,0.15230288530636707,0.1611,-0.8797114693632924,0.1667,0.152444385042402,0.15,1.9542332069061224e-05,0.0010367609941419097,0.01039422938726585,0.2302885306367075
698.0,0.1614,0.1604701257743957,0.15380459680160782,0.1611,-0.729540319839217,0.1633,0.15404243543769083,0.15,0.06197013584957306,0.015113628828103106,0.002785035784050191,0.3804596801607829
700.0,0.1544,0.15487532581449712,0.15307136798889026,0.1543,-0.12286320111097315,0.1567,0.15364752378639257,0.15,0.07723180951431989,0.015790951003827724,-0.0033577001937303425,0.3071367988890267
702.0,0.158,0.1527876683022879,0.15282590523505546,0.1478,0.5025905235055472,0.1599,0.15438287820713945,0.15,0.2773492032435327,0.028077359135255102,-0.009009510663841272,0.2825905235055465
704.0,0.1514,0.15015562375493655,0.15110066782579437,0.1511,6.678257943593113e-05,0.1531,0.15318334124170388,0.15,0.3345596262707146,0.027770456459715574,-0.011210846315430026,0.1100667825794377
706.0,0.1544,0.15134868991055903,0.15024996663350065,0.148,0.22499666335006607,0.1567,0.15324233890407865,0.15,0.4818932277867896,0.035570482835429684,-0.011710779582431344,0.024996663350065895
708.0,0.1514,0.15198918646175663,0.14883027911189362,0.1511,-0.22697208881063968,0.1499,0.15154569749712854,0.15,0.5615037373029244,0.03755057744521197,-0.009371337806218585,-0.11697208881063792
710.0,0.1514,0.15407309612795408,0.14800863690402444,0.1511,-0.30913630959755745,0.1531,0.1510167041595265,0.15,0.5794239214679993,0.03683979775124952,-0.005388611614267472,-0.19913630959755568
712.0,0.1544,0.15687674225072007,0.14775082545982818,0.1577,-0.9949174540171829,0.1499,0.14991456702972128,0.15,0.4466807584674575,0.02794472045613182,-0.0008902625339238385,-0.22491745401718166
714.0,0.158,0.15975829576823788,0.1487113434916269,0.1511,-0.23886565083731104,0.1567,0.15069226731693078,0.15,0.17538738884647354,0.013412415260086508,0.001687050482822347,-0.12886565083730928
716.0,0.1648,0.16157235662017233,0.15082121996089898,0.1543,-0.3478780039101015,0.1599,0.15209941125312088,0.15,0.014014144828454249,0.008752108591185645,4.461056102438021e-05,0.08212199608989834
718.0,0.1614,0.15900271932238363,0.15233321918649345,0.1511,0.12332191864934394,0.1633,0.1537758767024614,0.15,0.22273336384398362,0.02550642934063763,-0.004621827811962534,0.2333219186493457
720.0,0.1514,0.15334462595439527,0.151209490124484,0.1541,-0.28905098755159786,0.1531,0.15252490619883874,0.15,0.40403364413221066,0.03317652665976647,-0.007040808060930562,0.1209490124484014
722.0,0.1482,0.1515405690460254,0.14989477609642518,0.1478,0.20947760964251938,0.1599,0.1532394236727067,0.15,0.6487296279860335,0.044763380494469894,-0.006830360253780934,-0.01052239035748137
724.0,0.1514,0.1527616498646645,0.14789474888745316,0.1511,-0.3205251112546853,0.1402,0.1493105081149019,0.15,0.6898393277176298,0.04225458181866408,-0.0026198580286872636,-0.21052511125468354
726.0,0.1544,0.15707307037528706,0.14729521400945275,0.1511,-0.38047859905472603,0.1466,0.14800743727919716,0.15,0.6930259752945398,0.041171398943186874,0.0027897139524072218,-0.27047859905472427
728.0,0.1544,0.16032815347446494,0.1471598597295766,0.1511,-0.39401402704234145,0.1466,0.14693401239601409,0.15,0.38631231368418095,0.021679177555250857,0.008469994493254016,-0.2840140270423397
730.0,0.1648,0.1648317368439417,0.149406264965055,0.1611,-1.1693735034945,0.1567,0.14865938379670077,0.15,0.046907265461135654,0.006394310045112905,0.009657464563144022,-0.059373503494500324
732.0,0.1682,0.16495260009356397,0.1521601672730938,0.1543,-0.21398327269061823,0.1599,0.1506266762816068,0.15,1.9770276770127703e-05,0.0012310277454733206,0.00533713001695639,0.2160167273093816
734.0,0.1614,0.15979347915526304,0.15357253388838282,0.1611,-0.752746611161717,0.1633,0.1526929700393864,0.15,0.058433613673769126,0.014935890487844009,-0.0018079377598092666,0.35725338883828284
736.0,0.1544,0.15454702866448672,0.15281188363066783,0.1543,-0.14881163693321597,0.1567,0.15261288302796824,0.15,0.07092202968127934,0.01548045391520018,-0.007431705021144944,0.28118836306678385
738.0,0.158,0.15262124020961207,0.15257623632200704,0.1577,-0.5123763677992971,0.1599,0.15356244853403497,0.15,0.27033007921780977,0.027769246275272576,-0.012584177665159027,0.25762363220070417
740.0,0.1514,0.1500529628262703,0.15087472942295885,0.1511,-0.02252705770411645,0.1531,0.15252057002189198,0.15,0.328144747787238,0.027511191302007888,-0.014333636511076733,0.08747294229588531
742.0,0.1544,0.15127372464116845,0.15004771167758912,0.1448,0.5247711677589112,0.1567,0.15269311261144736,0.15,0.5423968459859309,0.0394914499921733,-0.014429059866254992,0.004771167758912953
744.0,0.1482,0.15125786922819226,0.1481953712644895,0.1511,-0.2904628735510506,0.1499,0.1509953251273354,0.15,0.6104374543474876,0.03943858083099158,-0.010819802395234016,-0.18046287355104884
746.0,0.1514,0.15432925898743316,0.14744827221876505,0.1446,0.28482722187650467,0.1531,0.15057674089783532,0.15,0.7707104507518224,0.04776872065321454,-0.005716346832764133,-0.25517277812349415
748.0,0.1482,0.15626423991507796,0.14623071478306315,0.1478,-0.15692852169368332,0.1466,0.14859951842011962,0.15,0.7955982722796658,0.0460174967302092,0.0018222236011095488,-0.37692852169368407
750.0,0.1514,0.16006607971371373,0.14610539756576513,0.1543,-0.8194602434234866,0.1499,0.14800027556676493,0.15,0.7249123602281677,0.040767129791614204,0.009611428469579283,-0.38946024342348673
752.0,0.1544,0.16345744503637377,0.14670536546819396,0.1415,0.5205365468193973,0.1499,0.14758077108653087,0.15,0.5417233526040356,0.030522491784293202,0.015,-0.32946345318060344
754.0,0.1544,0.1649711852015839,0.14807233619391247,0.1511,-0.3027663806087544,0.1599,0.14948482295123305,0.15,0.11036926199069778,0.00719369584569201,0.015,-0.19276638060875262
756.0,0.1715,0.16740505857490554,0.15162159357727473,0.1511,0.05215935772747149,0.1599,0.1513331845619643,0.15,9.645149475867409e-06,4.788812766639132e-05,0.011756812845450534,0.16215935772747325
758.0,0.1648,0.16273416525921613,0.15406115838025408,0.1645,-1.0438841619745927,0.1667,0.1540086271373226,0.15,3.973498618128767e-06,1.4169357057536623e-05,0.0036344960849423597,0.40611583802540874
760.0,0.1682,0.15929521601636423,0.15555617686375042,0.1543,0.125617686375043,0.1599,0.15465849028360107,0.15,3.935872555405219e-06,1.421853712908162e-05,-0.007477857642558497,0.5556176863750428
762.0,0.1614,0.15596424201909925,0.15563672012008134,0.1611,-0.5463279879918653,0.1633,0.15580920933391923,0.15,9.283959987383782e-06,0.0009277887757122572,-0.015,0.5636720120081345
764.0,0.1544,0.15231678558464196,0.15401255643554043,0.1543,-0.028744356445956076,0.1567,0.15498853948139055,0.15,0.017146298486432777,0.01236574853984605,-0.015,0.40125564355404375
766.0,0.158,0.15062427845658455,0.1533023039750825,0.1478,0.5502303975082501,0.1599,0.1551938832109121,0.15,0.2632951563655371,0.02837425100610095,-0.015,0.33023039750824934
768.0,0.1514,0.14822565625251485,0.15126483313227926,0.1511,0.016483313227924623,0.1531,0.1537165077817247,0.15,0.33624104622207557,0.028227951723341395,-0.015,0.12648331322792639
770.0,0.1544,0.15006153833176836,0.15017493925155384,0.1577,-0.7525060748446166,0.1565,0.15354119524432908,0.15,0.4843094047885823,0.035691067673246965,-0.015,0.017493925155384615
772.0,0.1514,0.1512852233596203,0.14864002445599936,0.1511,-0.24599755440006532,0.1499,0.15169341453499133,0.15,0.5630972140924729,0.03756586967227073,-0.012280048911998728,-0.13599755440006356
774.0,0.1514,0.15373986664011974,0.14777950681203417,0.1511,-0.3320493187965845,0.1531,0.15103899517577463,0.15,0.5808221547379044,0.03685027165278032,-0.007839062536067073,-0.22204931879658274
776.0,0.1544,0.15676866572584022,0.14752199794561993,0.1577,-1.0178002054380075,0.1499,0.1498413786965615,0.15,0.450336092350941,0.028100299006382567,-0.0028830584273069476,-0.2478002054380063
778.0,0.158,0.15979014314913867,0.14848617399627037,0.1511,-0.2613826003729641,0.1565,0.15050543285195878,0.15,0.17905730431203432,0.013524288532977498,0.00014459358015229962,-0.15138260037296236
780.0,0.1648,0.16172459965644684,0.15062102082709525,0.1541,-0.3478979172904739,0.1599,0.1518776744865842,0.15,0.22298447555788914,0.0217504479189755,-0.001097448074038207,0.06210208270952533
782.0,0.1544,0.1576642374253134,0.15074401316300554,0.1543,-0.3555986836994457,0.1567,0.15186459257061558,0.15,0.1553684868376737,0.017142996716386485,-0.0025854744000492896,0.07440131630055413
784.0,0.158,0.15645872993257373,0.1514600820238387,0.1511,0.03600820238386926,0.1633,0.1535983817311652,0.15,0.3271305200291206,0.029244822739031683,-0.00550563844772671,0.14600820238387102
786.0,0.1514,0.15340545773714773,0.150315965552258,0.1415,0.8815965552258026,0.1531,0.15238431092773363,0.15,0.2686732019688642,0.022367350595887497,-0.006137569552242747,0.03159655522580185
788.0,0.158,0.1548698465399591,0.15058008651014873,0.1478,0.2780086510148744,0.1599,0.15331028165671465,0.15,0.528964260380604,0.03963206388709748,-0.0072977425725402195,0.058008651014873625
790.0,0.1514,0.15347161385814137,0.14864738283015594,0.1511,-0.24526171698440735,0.1402,0.1491889577975981,0.15,0.5141879898470008,0.03369386132798368,-0.004592508232852108,-0.1352617169844056
792.0,0.1544,0.1564233580233013,0.1485708254667309,0.1543,-0.5729174533269099,0.1567,0.15015245752100406,0.15,0.6649921114973912,0.04298072792736621,-0.001734159166313906,-0.14291745332691008
794.0,0.1482,0.15668767812295642,0.14742483283229504,0.1509,-0.3475167167704962,0.1499,0.14902231897972149,0.15,0.9207413275734806,0.05609228047830486,0.0034161751690959946,-0.25751671677049504
796.0,0.1451,0.15776090082690472,0.1456902543690435,0.1478,-0.21097456309564777,0.1434,0.1466606796109594,0.15,0.6518399286696821,0.0339531664039217,0.012035666431008965,-0.4309745630956485
798.0,0.1614,0.16505072454397515,0.14735314278760603,0.1577,-1.0346857212393978,0.1531,0.14760916989582062,0.15,0.5342931002409514,0.03129869723337538,0.015,-0.2646857212393966
