t_s,h1_meas_m,h2_est_m,h2_real_m,error_obs_cm,h3_meas_m,ref_m,u1,u3,t_mhe_ms,t_mpc_ms,t_total_ms,error_ctrl_cm
0.0,0.0164,0.1,0.0157,8.430000000000001,0.0215,0.1,0.8400442334176019,0.06048205580193752,4.044771194458008,11.038780212402344,2184.85164642334,0.0
2.0,0.0164,0.0879800956009928,0.0157,7.22800956009928,0.0083,0.1,0.9999894527704722,0.09458675247187456,4.3010711669921875,9.712696075439453,2168.445587158203,-1.20199043990072
4.0,0.0164,0.07851150658344803,0.0157,6.281150658344803,0.0215,0.1,0.9999969069925532,0.11619217003175321,1.3012886047363281,11.668920516967773,2169.2326068878174,-2.1488493416551973
6.0,0.036,0.07295457292868075,0.021,5.195457292868075,0.0215,0.1,0.9999950124595448,0.13463708156102194,6.284475326538086,8.511066436767578,2157.7956676483154,-2.7045427071319255
8.0,0.0389,0.06894080247299246,0.0353,3.3640802472992464,0.0188,0.1,0.9999973447565014,0.1310202504713912,3.8726329803466797,3.536224365234375,2127.875804901123,-3.1059197527007547
10.0,0.056,0.06829625403752368,0.044,2.429625403752368,0.0392,0.1,0.9999967499138183,0.11810437400347672,4.0607452392578125,2.606630325317383,2114.015579223633,-3.1703745962476324
12.0,0.0618,0.0692240660998236,0.0584,1.0824066099823595,0.0535,0.1,0.9999952520544146,0.09847494920621062,4.0645599365234375,8.939743041992188,2113.9862537384033,-3.077593390017641
14.0,0.0763,0.07173243750890058,0.0642,0.7532437508900591,0.0594,0.1,0.9999892395959648,0.07691111980629436,2.3589134216308594,4.90880012512207,2099.703550338745,-2.826756249109942
16.0,0.082,0.0753809748482854,0.0813,-0.5919025151714594,0.0769,0.1,0.9522115964125366,0.058310080451985886,21.507978439331055,12.482643127441406,2135.129690170288,-2.4619025151714604
18.0,0.0909,0.07965569434749964,0.0904,-1.0744305652500354,0.0829,0.1,0.7912480706853092,0.04526293097548419,0.0,13.564348220825195,2093.0724143981934,-2.0344305652500365
20.0,0.0909,0.08393776647133845,0.1,-1.6062233528661554,0.0953,0.1,0.5773183318820361,0.03203863364059187,20.621299743652344,13.82136344909668,2127.7945041656494,-1.6062233528661554
22.0,0.1068,0.08923773436282896,0.1,-1.0762265637171045,0.108,0.1,0.4077538699371212,0.024025103220634465,9.428262710571289,5.613803863525391,2088.6390209198,-1.0762265637171045
24.0,0.1101,0.09370184943246396,0.1063,-1.2598150567536048,0.1113,0.1,0.3062024783807297,0.020499387468613964,50.8570671081543,9.989023208618164,2159.4290733337402,-0.6298150567536048
26.0,0.1101,0.0968310190507756,0.1126,-1.576898094922441,0.1113,0.1,0.2814138335475638,0.021230867700384168,8.262395858764648,8.018016815185547,2056.9167137145996,-0.3168980949224409
28.0,0.1004,0.0981596491959045,0.1063,-0.8140350804095503,0.1145,0.1,0.2817941068836348,0.022033942421246046,8.819341659545898,7.580041885375977,2120.331287384033,-0.1840350804095503
30.0,0.1068,0.09876760982101114,0.1096,-1.0832390178988862,0.1048,0.1,0.291850622466018,0.022838784674681686,13.64588737487793,7.502317428588867,2105.4608821868896,-0.12323901789888653
32.0,0.1004,0.09885544411923256,0.1126,-1.374455588076745,0.1113,0.1,0.37545815839955143,0.0290104743490656,7.640361785888672,7.406949996948242,2099.886417388916,-0.11445558807674505
34.0,0.0909,0.09715069842251711,0.1063,-0.9149301577482893,0.0921,0.1,0.38172756288359866,0.02757498072015901,10.82921028137207,3.370046615600586,2113.2943630218506,-0.28493015774828934
36.0,0.0973,0.09706630342754308,0.1094,-1.233369657245692,0.108,0.1,0.4497257356463203,0.032522618551238634,6.187677383422852,8.111715316772461,2107.0594787597656,-0.29336965724569286
38.0,0.0878,0.09537020608114348,0.1031,-0.7729793918856518,0.0888,0.1,0.4410333735868895,0.03028723757495938,0.0,13.30709457397461,2106.9769859313965,-0.46297939188565257
40.0,0.0941,0.09550681420865989,0.1063,-1.0793185791340116,0.1048,0.1,0.5525455403473181,0.039159902741884835,0.0,13.588190078735352,2107.3055267333984,-0.4493185791340115
42.0,0.0618,0.09266817064020781,0.1,-0.7331829359792195,0.0953,0.1,0.4898127435045292,0.031629816157028035,9.309768676757812,7.09843635559082,2110.3782653808594,-0.7331829359792195
44.0,0.1036,0.09419741876958246,0.1,-0.5802581230417547,0.0985,0.1,0.3834365061265428,0.024589762454845784,6.013393402099609,7.4062347412109375,2110.2423667907715,-0.5802581230417547
46.0,0.1099,0.09646427524229217,0.1031,-0.6635724757707823,0.1016,0.1,0.3370246833711807,0.0235435296143644,22.95374870300293,7.292032241821289,2123.671293258667,-0.3535724757707831
48.0,0.0973,0.09751680826092697,0.1096,-1.2083191739073031,0.108,0.1,0.35519901348013755,0.02619412410562766,3.0660629272460938,8.087873458862305,2088.3870124816895,-0.24831917390730346
50.0,0.1004,0.09742953746429,0.1031,-0.5670462535709991,0.0887,0.1,0.43902666694408893,0.032315127356129056,5.018472671508789,1.6508102416992188,2101.8364429473877,-0.25704625357099997
52.0,0.082,0.0957150568012449,0.1063,-1.058494319875511,0.0921,0.1,0.47875444583285337,0.03346276220246337,5.2585601806640625,8.060932159423828,2113.60502243042,-0.4284943198755109
54.0,0.0878,0.09485478957938341,0.1,-0.5145210420616595,0.0951,0.1,0.5005985610903139,0.034078329948104925,4.195213317871094,5.160331726074219,2102.2377014160156,-0.5145210420616595
56.0,0.0909,0.09421644410980509,0.1031,-0.8883555890194905,0.0887,0.1,0.587873168674475,0.04038596089012919,1.7435550689697266,6.546258926391602,2106.799602508545,-0.5783555890194914
58.0,0.0676,0.09191490310306615,0.0936,-0.16850968969338576,0.0921,0.1,0.5532374219990432,0.035603814829476076,5.009651184082031,8.603334426879883,2119.870901107788,-0.8085096896933861
60.0,0.0973,0.09261939259397142,0.1031,-1.0480607406028575,0.0921,0.1,0.4772823114713943,0.03033023590858481,167.8457260131836,8.304357528686523,2269.49143409729,-0.7380607406028583
62.0,0.0973,0.0940508081885017,0.1031,-0.9049191811498297,0.1048,0.1,0.40932909866145106,0.026851630473574476,23.114442825317383,7.934808731079102,1961.0650539398193,-0.5949191811498306
64.0,0.1004,0.09553055196081968,0.1063,-1.0769448039180327,0.1048,0.1,0.3281176967727671,0.02229757423592265,6.0138702392578125,8.723020553588867,2091.355085372925,-0.44694480391803265
66.0,0.1068,0.09752578093556398,0.1094,-1.1874219064436018,0.1113,0.1,0.31513525682901916,0.02328812713192602,5.325555801391602,8.667469024658203,2106.3947677612305,-0.24742190644360257
68.0,0.0972,0.09800431571969573,0.1096,-1.1595684280304275,0.108,0.1,0.3003205115029909,0.022606574344098195,1.3010501861572266,10.931253433227539,2112.4534606933594,-0.19956842803042774
70.0,0.1004,0.09860327036221404,0.1126,-1.3996729637785963,0.1113,0.1,0.32342148982873153,0.0247570836323513,4.032135009765625,4.696130752563477,2103.640079498291,-0.13967296377859623
72.0,0.1036,0.0983449582232336,0.1063,-0.7955041776766412,0.0921,0.1,0.32998332886600384,0.02476140724355956,4.36711311340332,9.108781814575195,2111.8085384368896,-0.1655041776766411
74.0,0.0973,0.098295566255978,0.1096,-1.1304433744022,0.108,0.1,0.3418444089659621,0.025478549461338627,38.274288177490234,12.505292892456055,2205.7666778564453,-0.1704433744022002
76.0,0.1004,0.09806558480163576,0.1031,-0.5034415198364242,0.0983,0.1,0.4316771759498325,0.032109526885805435,5.286931991577148,3.938436508178711,2011.0783576965332,-0.19344151983642505
78.0,0.0819,0.09597172899433434,0.1063,-1.0328271005665663,0.0921,0.1,0.47483285170941664,0.03338563126877604,0.0,9.076118469238281,2107.5100898742676,-0.40282710056656623
80.0,0.0878,0.0949700510044604,0.1,-0.5029948995539602,0.0953,0.1,0.5008207744733717,0.03423140418905536,1.596212387084961,10.692596435546875,2110.291004180908,-0.5029948995539602
82.0,0.0909,0.09418379595221782,0.1031,-0.8916204047782178,0.0888,0.1,0.5603761912490254,0.03823568696720575,5.237579345703125,4.359006881713867,2103.609800338745,-0.5816204047782186
84.0,0.0763,0.09253522952413758,0.0936,-0.10647704758624255,0.0921,0.1,0.5105521653843927,0.03290554920887124,1.5451908111572266,12.450218200683594,2118.671178817749,-0.7464770475862428
86.0,0.1006,0.09358812979007074,0.0936,-0.0011870209929265574,0.0953,0.1,0.4370596651137881,0.028218166569584206,1.7528533935546875,11.822938919067383,2107.3427200317383,-0.6411870209929269
88.0,0.1036,0.09511269113342638,0.0967,-0.1587308866573614,0.0985,0.1,0.3527524779500468,0.023502456492784016,303.19857597351074,6.038665771484375,2409.417152404785,-0.48873088665736253
90.0,0.1101,0.09711953405159462,0.1031,-0.5980465948405372,0.1016,0.1,0.3492753763431328,0.02528532543682395,5.08880615234375,2.9747486114501953,1799.2584705352783,-0.2880465948405381
92.0,0.0972,0.09738629465608803,0.0999,-0.25137053439119733,0.0985,0.1,0.3776412809843577,0.027701609356151746,5.172491073608398,9.135961532592773,2114.778518676758,-0.2613705343911976
94.0,0.0909,0.09698684665261705,0.1031,-0.6113153347382951,0.1016,0.1,0.38180091913191166,0.027400619466437712,23.67377281188965,4.229545593261719,2121.3161945343018,-0.301315334738296
96.0,0.0941,0.09700702264169278,0.0968,0.02070226416927834,0.1046,0.1,0.44967391785990285,0.03246407271609094,3.2958984375,10.312318801879883,2092.8516387939453,-0.2992977358307225
98.0,0.0878,0.09546594453452538,0.1,-0.4534055465474626,0.0856,0.1,0.48852789719522216,0.03389713044368251,5.740642547607422,7.935523986816406,2107.0868968963623,-0.4534055465474626
100.0,0.0909,0.09459645866147652,0.1031,-0.8503541338523477,0.0888,0.1,0.5441327878623002,0.03717707565274187,4.306316375732422,8.465290069580078,2113.38210105896,-0.5403541338523485
102.0,0.0849,0.09318166502607626,0.0968,-0.3618334973923734,0.0829,0.1,0.5213282195185608,0.03403439490123225,1.428842544555664,7.223844528198242,2103.8613319396973,-0.6818334973923743
104.0,0.1006,0.0936206428658315,0.0968,-0.31793571341685034,0.0858,0.1,0.44982821475470863,0.0289515628791943,22.509336471557617,9.629249572753906,2125.4920959472656,-0.6379357134168512
106.0,0.1036,0.09506391667332945,0.0968,-0.1736083326670551,0.0985,0.1,0.36355082841530945,0.024020496742927208,4.120111465454102,7.710933685302734,2094.9325561523438,-0.49360833266705595
108.0,0.1101,0.09699559553872092,0.1031,-0.6104404461279078,0.1016,0.1,0.3351374364048048,0.0239390833926242,3.5457611083984375,8.629798889160156,2105.5595874786377,-0.30044044612790866
110.0,0.0973,0.09769636558334514,0.1096,-1.190363441665486,0.1082,0.1,0.36331056799592254,0.02689160744828667,5.199193954467773,7.798433303833008,2106.5104007720947,-0.23036344166548622
112.0,0.1004,0.0973553386825976,0.1031,-0.5744661317402394,0.0888,0.1,0.4499959913070419,0.032959019205827986,3.5924911499023438,8.686065673828125,2102.88405418396,-0.26446613174024025
114.0,0.082,0.09552030741873496,0.1063,-1.0779692581265043,0.0921,0.1,0.549212151120503,0.03871251845846377,364.0556335449219,4.891395568847656,2467.6060676574707,-0.44796925812650434
116.0,0.0705,0.0931612983299018,0.1,-0.6838701670098202,0.0953,0.1,0.4893179631461492,0.03160868800267153,5.242347717285156,2.208232879638672,1745.8181381225586,-0.6838701670098202
118.0,0.1036,0.09441129593802994,0.0968,-0.23887040619700595,0.0985,0.1,0.39998534061133273,0.025872182680582563,3.9598941802978516,8.838415145874023,2120.8224296569824,-0.5588704061970068
120.0,0.1068,0.09617143924804339,0.1,-0.38285607519566167,0.1016,0.1,0.3404917885377782,0.02344019000464663,27.643442153930664,7.31348991394043,2127.2547245025635,-0.38285607519566167
122.0,0.1036,0.09750121878823734,0.1063,-0.8798781211762668,0.1048,0.1,0.30974759090121656,0.02262143772476533,480.2384376525879,8.214473724365234,2566.5817260742188,-0.24987812117626684
124.0,0.1036,0.09838246895725217,0.1063,-0.7917531042747838,0.1048,0.1,0.3565329314206838,0.027028432093959644,7.189273834228516,8.473634719848633,1626.2474060058594,-0.16175310427478384
126.0,0.0849,0.09739260884180251,0.1096,-1.2207391158197494,0.108,0.1,0.3697529062346161,0.02703731732963693,207.88145065307617,7.111072540283203,1937.0930194854736,-0.26073911581974973
128.0,0.1004,0.09729435318067868,0.1031,-0.5805646819321317,0.0983,0.1,0.45155463341873014,0.03297255796078178,0.0,6.699085235595703,1897.1285820007324,-0.2705646819321325
130.0,0.082,0.09537385003087444,0.1063,-1.0926149969125567,0.0919,0.1,0.5503826044286296,0.038850928416440424,5.286931991577148,8.35418701171875,2114.0074729919434,-0.46261499691255675
132.0,0.0705,0.09297560970960937,0.1,-0.7024390290390634,0.0953,0.1,0.5369018392601398,0.03531398374895825,3.5169124603271484,8.256912231445312,2108.5400581359863,-0.7024390290390634
134.0,0.0973,0.0931982504720969,0.1,-0.6801749527903106,0.0888,0.1,0.4402369601452199,0.027897298247591927,3.090381622314453,6.123781204223633,2107.625961303711,-0.6801749527903106
136.0,0.1068,0.09517674105882919,0.1031,-0.792325894117081,0.1016,0.1,0.3310049884488389,0.02172122890035288,0.0,12.541770935058594,2110.9914779663086,-0.4823258941170819
138.0,0.1131,0.09760866603941803,0.1063,-0.8691333960581971,0.1048,0.1,0.311154315959113,0.02286597233453109,4.293203353881836,3.078937530517578,2100.8551120758057,-0.23913339605819706
140.0,0.1004,0.09822480851549753,0.1031,-0.4875191484502467,0.1016,0.1,0.37636123880059325,0.028529049466386822,0.0,6.919622421264648,2107.0594787597656,-0.17751914845024752
142.0,0.082,0.09694496048880047,0.1063,-0.9355039511199537,0.1048,0.1,0.42774839141158405,0.031021693394064895,7.822751998901367,11.400699615478516,2115.68546295166,-0.30550395111995365
144.0,0.0972,0.09603716513112451,0.1,-0.3962834868875498,0.0856,0.1,0.44210991232074986,0.030862424741112372,20.502090454101562,9.81760025024414,2122.7176189422607,-0.3962834868875498
146.0,0.0909,0.09561683516203762,0.1031,-0.748316483796238,0.1017,0.1,0.4879968325664666,0.03399189972766273,1.580953598022461,10.679960250854492,2084.8052501678467,-0.4383164837962389
148.0,0.0849,0.09440559144863395,0.0968,-0.23944085513660507,0.0919,0.1,0.527700409465776,0.03597067684750596,64.7130012512207,7.132291793823242,2166.1250591278076,-0.5594408551366059
150.0,0.0878,0.09344641941142177,0.1,-0.6553580588578232,0.0856,0.1,0.5087165502744762,0.0334744957938039,3.2799243927001953,5.080461502075195,2051.1157512664795,-0.6553580588578232
152.0,0.0973,0.09383341719426475,0.1,-0.616658280573526,0.0888,0.1,0.40058501759988646,0.025508804128089677,289.09802436828613,4.682302474975586,2392.4272060394287,-0.616658280573526
154.0,0.1101,0.09619614941067255,0.1031,-0.6903850589327452,0.1048,0.1,0.33149835971237446,0.02271051056993497,453.8767337799072,7.48133659362793,2275.424003601074,-0.38038505893274593
156.0,0.1036,0.0976738837575969,0.0968,0.08738837575969077,0.108,0.1,0.33804275962007097,0.02497934135038749,3.8042068481445312,7.958889007568359,1660.7773303985596,-0.23261162424031007
158.0,0.0941,0.09766086095229067,0.1063,-0.8639139047709341,0.1048,0.1,0.38259368239618735,0.028410892763424806,5.328893661499023,8.667945861816406,1767.1406269073486,-0.23391390477093404
160.0,0.0849,0.09677659879121396,0.1096,-1.2823401208786043,0.108,0.1,0.40784618202406625,0.029314845930800373,5.030155181884766,1.5368461608886719,2099.982500076294,-0.3223401208786045
162.0,0.1006,0.09639079455886923,0.1031,-0.6709205441130767,0.0888,0.1,0.4778276749946237,0.03407133273888927,397.8595733642578,7.318735122680664,2506.2363147735596,-0.3609205441130775
164.0,0.082,0.09473234562618656,0.1063,-1.156765437381345,0.0919,0.1,0.5030413843988975,0.0343898650330966,4.065752029418945,7.897853851318359,1705.754280090332,-0.5267654373813448
166.0,0.0878,0.09408966604244913,0.1,-0.5910333957550875,0.0951,0.1,0.5130694594727772,0.034436291322167446,0.0,12.183666229248047,2113.3627891540527,-0.5910333957550875
168.0,0.0909,0.09372683922352096,0.1031,-0.9373160776479039,0.0887,0.1,0.48517666795113423,0.03196763305343035,3.3571720123291016,9.458065032958984,2107.1646213531494,-0.6273160776479048
170.0,0.0973,0.09428859023903345,0.1031,-0.8811409760966546,0.0921,0.1,0.4016607435501672,0.026153280902403563,5.150079727172852,4.413843154907227,2103.0049324035645,-0.5711409760966555
172.0,0.1036,0.09607937421963259,0.1063,-1.022062578036742,0.108,0.1,0.3425580696653944,0.023567695557917937,1.306772232055664,12.131452560424805,2106.9350242614746,-0.39206257803674205
174.0,0.1004,0.0973375942520232,0.1,-0.2662405747976812,0.1113,0.1,0.30940314706137273,0.022530409414526387,1.668691635131836,12.00723648071289,2106.688976287842,-0.2662405747976812
176.0,0.1004,0.09823029724649936,0.1,-0.17697027535006488,0.1113,0.1,0.3492343578323231,0.02647008295228271,4.884958267211914,7.557392120361328,2116.6059970855713,-0.17697027535006488
178.0,0.0909,0.09750619588804472,0.1031,-0.5593804111955272,0.1016,0.1,0.45467661482050287,0.03374476672083135,4.042863845825195,4.6539306640625,2099.9958515167236,-0.24938041119552806
180.0,0.0849,0.09534008859393787,0.0968,-0.14599114060621227,0.0827,0.1,0.48678948862247645,0.033780928755157764,4.179716110229492,9.53054428100586,2111.506462097168,-0.4659911406062131
182.0,0.0878,0.09461536280670604,0.1,-0.5384637193293962,0.0985,0.1,0.5580371352157171,0.03835763848081692,4.10008430480957,5.182027816772461,2102.510452270508,-0.5384637193293962
184.0,0.082,0.09279824764228628,0.0938,-0.10017523577137144,0.0798,0.1,0.48213007816883413,0.030761560440119864,2.0372867584228516,11.118650436401367,2118.663787841797,-0.7201752357713725
186.0,0.1036,0.09442444274374644,0.0999,-0.5475557256253566,0.1016,0.1,0.3926263270558189,0.025448341839860736,4.14276123046875,8.645296096801758,2107.2165966033936,-0.5575557256253569
188.0,0.1068,0.09625019347712958,0.1031,-0.6849806522870414,0.1016,0.1,0.3303078151746062,0.022841951321208472,5.226850509643555,4.278421401977539,2102.581739425659,-0.3749806522870422
190.0,0.1036,0.0976795378944552,0.1063,-0.8620462105544804,0.108,0.1,0.3048799898100289,0.022496034636564657,22.598743438720703,7.141828536987305,2127.988576889038,-0.23204621055448044
192.0,0.1036,0.09844798983984276,0.1063,-0.7852010160157241,0.1048,0.1,0.3214587535703044,0.02446460104558977,6.245613098144531,7.602453231811523,2092.1967029571533,-0.1552010160157241
194.0,0.0941,0.09825246980284011,0.1096,-1.1347530197159894,0.108,0.1,0.33927096242296684,0.025506569243414382,0.0,13.051748275756836,2120.206356048584,-0.17475301971598967
196.0,0.1004,0.09804974469745409,0.1031,-0.5050255302545908,0.0985,0.1,0.4312279104033888,0.032150171039240706,0.0,6.923913955688477,2093.226432800293,-0.19502553025459168
198.0,0.082,0.09596520212991246,0.1063,-1.033479787008755,0.0921,0.1,0.5177527006028297,0.03678128480132554,5.699872970581055,8.270502090454102,2113.9609813690186,-0.40347978700875503
200.0,0.0763,0.09390420743844154,0.1,-0.6095792561558468,0.0953,0.1,0.5768184221684498,0.03926383471124357,4.090070724487305,7.866382598876953,2105.6621074676514,-0.6095792561558468
202.0,0.0791,0.09234119261671347,0.1033,-1.0958807383286528,0.0888,0.1,0.5601457681801275,0.036407874012961534,4.012107849121094,10.457992553710938,2114.90535736084,-0.7658807383286531
204.0,0.0909,0.09247743433592752,0.1031,-1.0622565664072479,0.0921,0.1,0.45896986388599015,0.028752277434959315,5.057811737060547,1.88446044921875,2100.4297733306885,-0.7522565664072487
206.0,0.1101,0.09462889752851839,0.1063,-1.167110247148162,0.0953,0.1,0.33688066620746,0.021701316811412824,2.6824474334716797,9.805440902709961,2113.5191917419434,-0.537110247148162
208.0,0.1131,0.0973450054274801,0.1063,-0.8954994572519901,0.108,0.1,0.27345659773351516,0.01981658750414719,5.532741546630859,8.000373840332031,2104.227304458618,-0.26549945725199003
210.0,0.1036,0.09890119958810534,0.1063,-0.7398800411894668,0.1145,0.1,0.3244745404791498,0.025388795598196803,4.2896270751953125,5.125999450683594,2106.184482574463,-0.10988004118946681
212.0,0.0941,0.0980882124447192,0.1096,-1.1511787555280804,0.0953,0.1,0.34856645732956115,0.026204216410001008,2.2423267364501953,7.41124153137207,2107.646942138672,-0.19117875552808056
214.0,0.1004,0.09790042678851102,0.1,-0.20995732114889865,0.0985,0.1,0.38301934870328236,0.028214606268814404,1.8601417541503906,11.269330978393555,2111.5896701812744,-0.20995732114889865
216.0,0.0909,0.09712639215448049,0.1063,-0.9173607845519516,0.1016,0.1,0.4425481218160177,0.0319765759388375,0.0,7.141590118408203,2100.539445877075,-0.2873607845519516
218.0,0.0849,0.09570644235105445,0.0968,-0.10935576489455451,0.0953,0.1,0.4681832978155628,0.032552539775631606,8.671998977661133,8.579492568969727,2123.9302158355713,-0.42935576489455535
220.0,0.0878,0.09499996290028424,0.0905,0.4499962900284246,0.0985,0.1,0.5142920371293416,0.03545161773004955,1.5819072723388672,12.63737678527832,2103.5659313201904,-0.5000037099715762
222.0,0.082,0.09373987091163706,0.0936,0.013987091163705778,0.0921,0.1,0.5228560700381083,0.03501619652329735,6.059885025024414,7.216930389404297,2106.6784858703613,-0.6260129088362945
224.0,0.0878,0.09337798023270685,0.0968,-0.3422019767293144,0.0953,0.1,0.4507090894309734,0.029102578126634956,5.264520645141602,7.798671722412109,2107.7048778533936,-0.6622019767293152
226.0,0.1036,0.09488542061078097,0.1,-0.511457938921904,0.1016,0.1,0.37692395257743827,0.025023241596935294,4.059076309204102,5.736589431762695,2109.6200942993164,-0.511457938921904
228.0,0.1068,0.09649861627796232,0.1031,-0.6601383722037681,0.1016,0.1,0.3817680848874905,0.027202105167582466,4.101753234863281,9.014606475830078,2117.7635192871094,-0.35013837220376903
230.0,0.0941,0.09649250957960494,0.1,-0.3507490420395068,0.0985,0.1,0.36961872759146547,0.026306118128892574,21.187782287597656,7.103919982910156,2114.2356395721436,-0.3507490420395068
232.0,0.1004,0.09701741605784585,0.1031,-0.6082583942154149,0.1016,0.1,0.4021690026067188,0.029071833803991618,4.228115081787109,5.293369293212891,2086.491584777832,-0.2982583942154157
234.0,0.0941,0.09641768650781532,0.1063,-0.9882313492184686,0.0921,0.1,0.5071367390952888,0.03652101942760436,4.117727279663086,4.106760025024414,2114.055633544922,-0.35823134921846855
236.0,0.0705,0.09400136270483972,0.1,-0.5998637295160286,0.0953,0.1,0.4846849210714639,0.032270774687575374,2.974987030029297,7.36689567565918,2100.419282913208,-0.5998637295160286
238.0,0.1036,0.09462636459500362,0.1,-0.5373635404996385,0.0888,0.1,0.395231454052143,0.025693404619359816,2.1047592163085938,5.674123764038086,2115.652084350586,-0.5373635404996385
240.0,0.1068,0.0964589626051073,0.1031,-0.664103739489269,0.1048,0.1,0.3756295279518007,0.026246798368741095,445.0526237487793,8.465766906738281,2540.715456008911,-0.3541037394892699
242.0,0.0972,0.09680713926424502,0.1,-0.31928607357549904,0.0985,0.1,0.42759257734594847,0.03088115182858255,8.541345596313477,8.326530456542969,1677.4961948394775,-0.31928607357549904
244.0,0.082,0.09564239725259023,0.1033,-0.7657602747409773,0.1016,0.1,0.4243370647179542,0.02950511834721825,23.647069931030273,5.590677261352539,1785.1731777191162,-0.4357602747409775
246.0,0.0941,0.09578552868540735,0.1063,-1.0514471314592655,0.105,0.1,0.4792159213314627,0.03371666441627519,370.3157901763916,7.406949996948242,2462.34130859375,-0.4214471314592655
248.0,0.0878,0.09448853064896745,0.1,-0.5511469351032555,0.0858,0.1,0.48398688003104406,0.03280085910476829,2.0787715911865234,10.259151458740234,1735.0902557373047,-0.5511469351032555
250.0,0.0972,0.09445657657016034,0.1,-0.5543423429839669,0.0888,0.1,0.4497929903974139,0.029942501466175428,1.7673969268798828,7.903099060058594,2111.142635345459,-0.5543423429839669
252.0,0.1004,0.09516685963082656,0.1063,-1.1133140369173442,0.0953,0.1,0.38119510995324407,0.02544133030744953,0.0,13.135194778442383,2110.5077266693115,-0.48331403691734415
254.0,0.1068,0.09670182569922708,0.1,-0.32981743007729214,0.1016,0.1,0.3593607753936151,0.02539096620189721,4.058122634887695,7.8582763671875,2106.6741943359375,-0.32981743007729214
256.0,0.0941,0.09717651777783834,0.1096,-1.2423482222161664,0.108,0.1,0.399988592849248,0.029145112319588072,29.65402603149414,7.032632827758789,2131.4034461975098,-0.2823482222161666
258.0,0.0878,0.09637019267683955,0.1,-0.36298073231604555,0.0985,0.1,0.41948477454948563,0.029782913582142665,28.197288513183594,7.80034065246582,2113.6205196380615,-0.36298073231604555
260.0,0.0909,0.09602360729059162,0.0936,0.24236072905916145,0.1016,0.1,0.46517957865679244,0.032815171070874644,43.04695129394531,9.637117385864258,2123.8768100738525,-0.39763927094083884
262.0,0.0849,0.09490934648515723,0.0968,-0.18906535148427717,0.0953,0.1,0.48430256752759326,0.03322965755814126,22.84836769104004,3.9408206939697266,2081.1614990234375,-0.509065351484278
264.0,0.0878,0.09437484508541807,0.1,-0.5625154914581931,0.0983,0.2,0.9999980380363883,0.9999844478958073,4.370212554931641,16.995668411254883,2100.3568172454834,-10.562515491458194
266.0,0.082,0.09321554442751824,0.0936,-0.03844555724817622,0.0919,0.2,0.9999995647318126,0.9999957816883391,5.29932975769043,18.254518508911133,2115.0765419006348,-10.678445557248176
268.0,0.1036,0.09531618744485876,0.1031,-0.778381255514124,0.0827,0.2,0.9999994935709391,0.9999735842285701,3.4782886505126953,17.370939254760742,2104.625463485718,-10.468381255514124
270.0,0.1131,0.1003050880378343,0.1063,-0.59949119621657,0.108,0.2,0.9999994103024481,0.8978615577192519,5.357503890991211,19.57392692565918,2111.239433288574,-9.96949119621657
272.0,0.1194,0.10640242740305372,0.1223,-1.5897572596946283,0.121,0.2,0.9999996664718184,0.7794092124497223,0.0,20.352840423583984,2102.5631427764893,-9.359757259694629
274.0,0.1196,0.11271167711920842,0.1351,-2.2388322880791582,0.1369,0.2,0.9999995927818128,0.6552320272815731,5.806922912597656,12.020111083984375,2111.5286350250244,-8.72883228807916
276.0,0.1386,0.12031711538711869,0.1476,-2.728288461288132,0.1499,0.2,0.9999989575936328,0.5468985410031828,6.046772003173828,9.627580642700195,2104.217529296875,-7.968288461288132
278.0,0.1544,0.1282103340143902,0.1575,-2.9289665985609807,0.1499,0.2,0.999998616384102,0.43659496767401046,0.0,20.938634872436523,2112.689733505249,-7.178966598560982
280.0,0.1715,0.13694292391868015,0.1611,-2.415707608131984,0.1599,0.2,0.9999990639755097,0.3456261570685044,0.0,14.268636703491211,2098.5565185546875,-6.305707608131986
282.0,0.1783,0.1452138379318956,0.1677,-2.2486162068104387,0.1633,0.2,0.9999986679002089,0.2713232302740842,1.3108253479003906,16.133546829223633,2117.9356575012207,-5.478616206810441
284.0,0.1851,0.15294697050424202,0.1713,-1.8353029495757984,0.1667,0.2,0.999997932067141,0.2073542621033579,0.0,14.005661010742188,2102.4794578552246,-4.705302949575799
286.0,0.1919,0.16036576381492726,0.1781,-1.773423618507275,0.1733,0.2,0.999992239124114,0.15067498165691376,5.087614059448242,10.657310485839844,2108.973503112793,-3.9634236185072753
288.0,0.1952,0.16755135330783613,0.1847,-1.7148646692163871,0.19,0.2,0.9999851710386334,0.10521400598307687,5.241155624389648,12.249231338500977,2114.877223968506,-3.244864669216388
290.0,0.2021,0.17441369215711403,0.1915,-1.708630784288598,0.1966,0.2,0.8805477950681468,0.07395084368493328,3.627777099609375,11.846065521240234,2079.974412918091,-2.5586307842885985
292.0,0.2088,0.18064703054578543,0.2119,-3.125296945421457,0.2,0.2,0.692062335558057,0.05006414689538321,4.254579544067383,8.388280868530273,2081.9954872131348,-1.9352969454214581
294.0,0.2088,0.18687099872114404,0.2051,-1.822900127885596,0.21,0.2,0.5767438511731718,0.03838341130804795,5.20014762878418,9.071111679077148,2050.245761871338,-1.3129001278855967
296.0,0.2223,0.19155417321798882,0.2153,-2.3745826782011177,0.2201,0.2,0.4625708097811372,0.03170178552165649,5.23066520690918,10.431528091430664,2046.1318492889404,-0.8445826782011195
298.0,0.2155,0.1954530442585269,0.2085,-1.3046955741473103,0.2201,0.2,0.3238143479737365,0.023692038898812766,2.857208251953125,12.271404266357422,2045.1066493988037,-0.45469557414731243
300.0,0.2258,0.19962452253938442,0.2153,-1.5675477460615568,0.2269,0.2,0.2355925379276689,0.02044333389885504,1.710653305053711,13.509511947631836,2044.3010330200195,-0.03754774606155864
302.0,0.2155,0.20247833094567055,0.2153,-1.2821669054329439,0.2133,0.2,0.19975829406247503,0.020056636587281643,5.156278610229492,6.518125534057617,2043.7109470367432,0.24783309456705427
304.0,0.2189,0.20382775057042463,0.2085,-0.46722494295753647,0.2201,0.2,0.19617365935964104,0.02078180643539976,6.98089599609375,11.018037796020508,2054.0900230407715,0.3827750570424615
306.0,0.2123,0.20433858488351622,0.2153,-1.0961415116483768,0.2233,0.2,0.19772916992450643,0.021081297171141433,5.409002304077148,10.681390762329102,2049.046516418457,0.4338584883516211
308.0,0.2189,0.20458206464457296,0.2085,-0.39179353554270324,0.2167,0.2,0.24398855816712164,0.024609369605375037,2.393484115600586,12.301445007324219,2050.361156463623,0.45820646445729474
310.0,0.2088,0.20373031408716183,0.2119,-0.8169685912838176,0.21,0.2,0.29604714171589785,0.027580774468825738,0.0,16.129732131958008,2073.549747467041,0.3730314087161818
312.0,0.2021,0.20254080073808695,0.2051,-0.2559199261913059,0.2167,0.2,0.3251525730174853,0.02844642742203762,4.1408538818359375,9.399652481079102,2076.1656761169434,0.25408007380869346
314.0,0.2088,0.2018745684072271,0.2119,-1.0025431592772915,0.2066,0.2,0.3723940523947294,0.031305099606692255,0.0,14.765501022338867,2079.1420936584473,0.18745684072270785
316.0,0.2021,0.20068455055107412,0.2019,-0.1215449448925876,0.2034,0.2,0.4220068167147694,0.03399010327273111,5.007505416870117,8.820056915283203,2106.50634765625,0.0684550551074109
318.0,0.1952,0.19940858294169578,0.1949,0.4508582941695788,0.2066,0.2,0.4613658594197232,0.035792749568356236,6.187677383422852,8.11004638671875,2107.281446456909,-0.05914170583042333
320.0,0.1987,0.19836172753084716,0.2017,-0.3338272469152831,0.2,0.2,0.5017515248063381,0.037943481705384516,6.08515739440918,10.508298873901367,2110.57710647583,-0.16382724691528516
322.0,0.1919,0.1972219870337071,0.1949,0.2321987033707118,0.2032,0.2,0.5206118904155482,0.03840337226603689,1.8203258514404297,12.231826782226562,2103.779077529907,-0.2778012966292903
324.0,0.1987,0.1966565199866416,0.1849,1.1756519986641596,0.1966,0.2,0.5982278757537248,0.043885511162370106,5.172967910766602,10.34235954284668,2114.349365234375,-0.33434800133584075
326.0,0.1952,0.19487908858253106,0.1883,0.6579088582531062,0.1733,0.2,0.5674116157186234,0.03962717725124129,7.399082183837891,5.604267120361328,2104.1646003723145,-0.5120911417468954
328.0,0.2053,0.19553272496442925,0.1949,0.06327249644292599,0.1968,0.2,0.5065219023964278,0.03545321410810573,6.065607070922852,8.780956268310547,2102.048397064209,-0.44672750355707613
330.0,0.2088,0.1967062062835325,0.1983,-0.15937937164675064,0.2,0.2,0.4689351350215369,0.033993660474627624,6.9065093994140625,6.211757659912109,2093.2271480560303,-0.32937937164675135
332.0,0.2021,0.19746531759732777,0.2051,-0.7634682402672233,0.2066,0.2,0.41000558616977545,0.030425633422552917,6.421327590942383,8.73708724975586,2079.761505126953,-0.2534682402672239
334.0,0.2088,0.19885889962582134,0.2119,-1.304110037417866,0.2134,0.2,0.37550165571433464,0.029205571818221535,10.862588882446289,10.403156280517578,2064.28599357605,-0.11411003741786663
336.0,0.2087,0.19974513056948015,0.2119,-1.2154869430519855,0.21,0.2,0.3666899266899805,0.029444621692517485,48.36702346801758,10.274171829223633,2110.175132751465,-0.025486943051986066
338.0,0.2088,0.20011898642647175,0.2119,-1.1781013573528258,0.2066,0.2,0.4086836706949136,0.03295577076383345,27.403831481933594,9.91201400756836,2072.4644660949707,0.01189864264717344
340.0,0.1987,0.19933028730269584,0.2019,-0.25697126973041606,0.2034,0.2,0.45156835968020265,0.03533330847574493,10.361433029174805,9.86480712890625,2083.449602127075,-0.06697126973041756
342.0,0.1952,0.1984010258954479,0.1949,0.3501025895447901,0.2066,0.2,0.48376729995407836,0.03676800473202461,76.83587074279785,11.020421981811523,2175.96697807312,-0.159897410455212
344.0,0.1987,0.19761475978987383,0.2017,-0.40852402101261565,0.2,0.2,0.5518598144176855,0.041246244869807804,20.6146240234375,13.935089111328125,2051.527976989746,-0.23852402101261772
346.0,0.1919,0.1959688817014126,0.1949,0.10688817014126162,0.19,0.2,0.53810820736981,0.038514538402910234,417.25826263427734,9.958028793334961,2506.6978931427,-0.4031118298587405
348.0,0.2053,0.19622027377097365,0.1949,0.13202737709736567,0.1968,0.2,0.5205455461723874,0.037335431275145145,6.377935409545898,7.330179214477539,1686.8762969970703,-0.37797262290263645
350.0,0.1987,0.19637907054774845,0.2017,-0.5320929452251544,0.2034,0.2,0.5021627585787651,0.03631461594654641,20.221710205078125,8.41212272644043,1789.2324924468994,-0.36209294522515645
352.0,0.2053,0.19675715645228978,0.2085,-1.1742843547710213,0.1966,0.2,0.44914356032940267,0.032664811957443064,8.356332778930664,5.55729866027832,2086.421489715576,-0.32428435477102335
354.0,0.2121,0.19800877816599716,0.2017,-0.36912218340028335,0.2034,0.2,0.403084839622371,0.030368386064155855,69.07296180725098,12.195587158203125,2126.495361328125,-0.19912218340028542
356.0,0.2087,0.1990778459524101,0.2119,-1.2822154047589907,0.21,0.2,0.381545461117969,0.02987729823994922,6.817102432250977,10.885953903198242,1994.8360919952393,-0.09221540475899126
358.0,0.2088,0.19971453676522968,0.2085,-0.8785463234770308,0.2066,0.2,0.3637248193714442,0.02909715288758438,67.68083572387695,17.671823501586914,2122.009038925171,-0.028546323477032787
360.0,0.2087,0.20027803962302845,0.2119,-1.1621960376971552,0.21,0.2,0.4034705940404495,0.032611897977792764,7.899999618530273,11.138916015625,2029.7505855560303,0.02780396230284421
362.0,0.1987,0.19948854599474225,0.2051,-0.5611454005257754,0.2034,0.2,0.4449890007251627,0.034946216213193194,11.377573013305664,9.441614151000977,2100.8400917053223,-0.0511454005257761
364.0,0.1952,0.19860619282562442,0.1949,0.3706192825624427,0.2066,0.2,0.46515367752698716,0.03549171907116445,8.806705474853516,7.050037384033203,2108.112096786499,-0.13938071743755942
366.0,0.2021,0.1981150260917583,0.2017,-0.35849739082416954,0.2,0.2,0.5240217821861494,0.039497626820896914,7.408857345581055,8.536100387573242,2107.456922531128,-0.1884973908241716
368.0,0.1952,0.19669676634587288,0.1915,0.5196766345872877,0.19,0.2,0.5252523745773815,0.038200933694567,7.4062347412109375,8.337259292602539,2106.541395187378,-0.330323365412713
370.0,0.1987,0.19654517505812216,0.2017,-0.5154824941877828,0.2034,0.2,0.47559309239963027,0.03418952086747993,20.892858505249023,14.609336853027344,2113.2473945617676,-0.34548249418778487
372.0,0.2053,0.19744601356649097,0.1951,0.23460135664909731,0.21,0.2,0.4612812900156299,0.03421272142235185,431.5042495727539,8.938789367675781,2505.328416824341,-0.25539864335090423
374.0,0.2021,0.19765788372714288,0.2051,-0.7442116272857124,0.2034,0.2,0.3984825022404773,0.02976583042683281,7.310152053833008,10.863065719604492,1671.1697578430176,-0.2342116272857131
376.0,0.2123,0.1991492409613864,0.2017,-0.2550759038613598,0.2134,0.2,0.36784520479710775,0.028887277591834883,6.32786750793457,10.452032089233398,1720.6008434295654,-0.08507590386136188
378.0,0.2087,0.19990550123291823,0.2119,-1.199449876708178,0.21,0.2,0.3887774598997305,0.031347160670008895,5.174398422241211,9.011030197143555,2062.124013900757,-0.00944987670817854
380.0,0.1987,0.1995701689574722,0.2017,-0.21298310425277855,0.21,0.2,0.41627816425164055,0.0330638959030697,6.217718124389648,8.404731750488281,2100.776433944702,-0.042983104252780624
382.0,0.2021,0.19911858860787576,0.2051,-0.5981411392124242,0.2034,0.2,0.4631386221195885,0.03601170798719293,6.846189498901367,10.025501251220703,2103.025436401367,-0.08814113921242483
384.0,0.1987,0.19813852758833184,0.1983,-0.01614724116681676,0.1966,0.2,0.49026790778718277,0.03699671979994059,6.870746612548828,8.88824462890625,2113.0785942077637,-0.18614724116681747
386.0,0.1987,0.19749585732843164,0.2017,-0.42041426715683505,0.1998,0.2,0.4431653145481396,0.032600529705447925,7.007598876953125,6.985664367675781,2076.5554904937744,-0.2504142671568371
388.0,0.2088,0.19843821332685843,0.2119,-1.3461786673141574,0.21,0.2,0.419362696833613,0.031783369385041255,7.199287414550781,8.484363555908203,2094.7468280792236,-0.15617866731415797
390.0,0.2054,0.19882251753038846,0.2085,-0.9677482469611531,0.2066,0.2,0.4291404536413441,0.03319350670183021,7.011175155639648,6.8950653076171875,2112.861394882202,-0.11774824696115516
392.0,0.2021,0.1986414125689615,0.2051,-0.6458587431038498,0.2034,0.2,0.45473105508927664,0.03499273638921414,6.718873977661133,10.419845581054688,2103.8553714752197,-0.1358587431038505
394.0,0.1987,0.19811527908712814,0.2017,-0.3584720912871847,0.2034,0.2,0.4143403926659397,0.031247347555101286,8.450031280517578,0.0,2056.2758445739746,-0.18847209128718678
396.0,0.2087,0.1990274621238328,0.2119,-1.2872537876167212,0.2133,0.2,0.3824962101763956,0.029666623110790172,5.404233932495117,12.653112411499023,2064.6145343780518,-0.09725378761672177
398.0,0.2088,0.19969022085975022,0.2119,-1.2209779140249788,0.21,0.2,0.3983961897386719,0.03172103973459172,6.105661392211914,8.958816528320312,2053.034782409668,-0.030977914024979403
400.0,0.1987,0.19935365755350815,0.2119,-1.254634244649186,0.21,0.2,0.4222605064234361,0.03327427035202706,5.095958709716797,9.39631462097168,2099.5688438415527,-0.06463424464918655
402.0,0.2021,0.198940993578316,0.2051,-0.6159006421684016,0.2032,0.2,0.45600403925872757,0.035310396454856396,4.7054290771484375,10.960817337036133,2096.3706970214844,-0.10590064216840223
404.0,0.1952,0.19816145057525217,0.1983,-0.013854942474783583,0.2066,0.2,0.49483094215169926,0.037512064187714675,2.0041465759277344,13.154268264770508,2110.3081703186035,-0.1838549424747843
406.0,0.1952,0.19724951103891158,0.1983,-0.10504889610884194,0.2,0.2,0.44840220299665734,0.03291387458139644,7.6923370361328125,10.233640670776367,2082.5207233428955,-0.27504889610884264
408.0,0.2087,0.19823073348650833,0.2119,-1.3669266513491678,0.21,0.2,0.4233881170388204,0.031964062932737194,7.18379020690918,8.447647094726562,2082.5986862182617,-0.17692665134916852
410.0,0.2053,0.1986576030240252,0.2085,-0.9842396975974804,0.2066,0.2,0.43119086621490416,0.03324895000263489,7.129192352294922,9.859561920166016,2108.869791030884,-0.13423969759748244
412.0,0.2021,0.19852141549533678,0.2051,-0.6578584504663226,0.2034,0.2,0.44345949793598227,0.034076991627978705,6.983757019042969,10.515689849853516,2114.4657135009766,-0.1478584504663233
414.0,0.2021,0.1983332163582041,0.2019,-0.3566783641795884,0.2034,0.2,0.39205109430983404,0.029781125924929756,8.497953414916992,9.030580520629883,2093.708038330078,-0.16667836417958992
416.0,0.2121,0.19952533036784764,0.2017,-0.21746696321523484,0.2133,0.2,0.3922246962928669,0.03096636498069891,6.598949432373047,7.390499114990234,2075.526714324951,-0.04746696321523691
418.0,0.1987,0.19943863246287102,0.2017,-0.22613675371289665,0.2134,0.2,0.3956759110950204,0.031330825436728556,6.467103958129883,11.360406875610352,2097.3446369171143,-0.056136753712898724
420.0,0.2053,0.1994816296736545,0.2085,-0.9018370326345504,0.2066,0.2,0.4459631849075689,0.03514587473193069,6.7234039306640625,8.869647979736328,2104.675531387329,-0.051837032634552416
422.0,0.1987,0.19844041162044504,0.1983,0.014041162044503563,0.1966,0.2,0.44735194020224733,0.03408172608447283,0.0,15.33961296081543,2114.0191555023193,-0.15595883795549714
424.0,0.2054,0.19847424759894866,0.1915,0.6974247598948657,0.2034,0.2,0.4795108664028522,0.036447351676854055,6.794214248657227,7.134914398193359,2104.987144470215,-0.152575240105135
426.0,0.1987,0.19766143243098097,0.1983,-0.06385675690190329,0.1968,0.2,0.5310750802551599,0.03968166378203124,6.575107574462891,8.586406707763672,2108.93177986145,-0.233856756901904
428.0,0.1987,0.1965243686898364,0.2017,-0.5175631310163603,0.1867,0.2,0.5196625434902019,0.03754166739085764,23.450851440429688,10.926008224487305,2132.9472064971924,-0.3475631310163624
430.0,0.2053,0.19674873111481722,0.1951,0.16487311148172257,0.1968,0.2,0.5074320172379535,0.0367634854382705,7.769346237182617,9.40847396850586,2082.859754562378,-0.325126888518279
432.0,0.1987,0.19682785655636365,0.2017,-0.48721434436363453,0.2034,0.2,0.49723622989258587,0.036285930878103737,6.029367446899414,11.273622512817383,2086.888551712036,-0.3172143443636366
434.0,0.1952,0.19689865152565802,0.1949,0.1998651525658035,0.21,0.2,0.48277970352882915,0.03542004242796109,46.65112495422363,9.865760803222656,2139.333963394165,-0.3101348474341986
436.0,0.2021,0.19719760648960366,0.2051,-0.7902393510396344,0.2034,0.2,0.459402410877287,0.03395952877736302,7.477045059204102,9.73963737487793,2049.454927444458,-0.28023935103963504
438.0,0.1987,0.19767749648196092,0.2119,-1.4222503518039082,0.2134,0.2,0.4146143053636846,0.031044047805519514,126.25956535339355,14.533519744873047,2171.5362071990967,-0.23225035180390874
440.0,0.2088,0.19873838718482592,0.2119,-1.3161612815174084,0.21,0.2,0.4009919796920624,0.03107431365650482,2.0072460174560547,13.174295425415039,1961.2305164337158,-0.12616128151740902
442.0,0.2054,0.19913583892920178,0.2085,-0.936416107079821,0.2066,0.2,0.3863889511094581,0.030354583829089173,6.887674331665039,11.733055114746094,2083.113193511963,-0.08641610707982306
444.0,0.2088,0.19963498519906733,0.2119,-1.2265014800932672,0.2066,0.2,0.3969604692782366,0.031551517225967246,10.476350784301758,10.988950729370117,2088.7532234191895,-0.03650148009326781
446.0,0.1987,0.19942549419026723,0.2017,-0.2274505809732763,0.2133,0.2,0.44984161351490876,0.03544274825329039,7.435083389282227,10.169029235839844,2096.5635776519775,-0.057450580973278376
448.0,0.1919,0.19823910522461485,0.2085,-1.0260894775385139,0.2066,0.2,0.4839523924681896,0.0368566820750447,6.045818328857422,7.983207702636719,2104.318141937256,-0.17608947753851578
450.0,0.1987,0.19750835232346456,0.2017,-0.41916476765354316,0.2,0.2,0.5515043627615951,0.04124065186149837,2.8464794158935547,15.07711410522461,2111.1176013946533,-0.24916476765354523
452.0,0.1919,0.19591323044675338,0.1951,0.08132304467533824,0.19,0.2,0.5456225648495366,0.03914727268293814,7.294416427612305,9.820938110351562,2119.5621490478516,-0.4086769553246633
454.0,0.1987,0.19592454564973674,0.2017,-0.5775454350263248,0.2034,0.2,0.5193726177649195,0.037075611389992935,5.11932373046875,11.255264282226562,2080.2829265594482,-0.4075454350263269
456.0,0.2053,0.196367543299192,0.2085,-1.213245670080798,0.1968,0.2,0.5060302883772477,0.03664351636011941,7.967710494995117,9.34290885925293,2105.7865619659424,-0.3632456700808001
458.0,0.1987,0.19657178618274176,0.2017,-0.5128213817258226,0.2034,0.2,0.46010838104583307,0.03342604647224638,3.1821727752685547,15.25735855102539,2067.192554473877,-0.34282138172582466
460.0,0.2053,0.19761428304315382,0.2085,-1.0885716956846174,0.21,0.2,0.4188210697780657,0.031303483392554884,8.158683776855469,9.496212005615234,2076.927900314331,-0.23857169568461956
462.0,0.2021,0.19852169544515727,0.2153,-1.6778304554842722,0.2167,0.2,0.36483492953150015,0.02816714714385762,7.038354873657227,7.187843322753906,2047.3899841308594,-0.1478304554842741
464.0,0.2123,0.19986907144788923,0.2153,-1.5430928552110756,0.2133,0.2,0.3624807515223913,0.029333582670574346,4.049777984619141,13.53001594543457,2054.6278953552246,-0.013092855211077614
466.0,0.2021,0.20003544665631992,0.2153,-1.526455334368007,0.2133,0.2,0.3765165790615137,0.030592543733442022,7.101297378540039,9.380817413330078,2085.080623626709,0.003544665631990962
468.0,0.2054,0.19992662249275056,0.2085,-0.857337750724943,0.2066,0.2,0.404128754211649,0.03241895596033941,6.585597991943359,9.155750274658203,2079.2882442474365,-0.007337750724945025
470.0,0.1987,0.19937121975341796,0.2017,-0.2328780246582035,0.2099,0.2,0.4163367148533174,0.032701737663417114,6.284236907958984,8.051395416259766,2090.4362201690674,-0.06287802465820558
472.0,0.2054,0.19915726833308323,0.2085,-0.9342731666916765,0.2034,0.2,0.4615732910026801,0.03586222508811887,6.93058967590332,7.329702377319336,2100.3262996673584,-0.0842731666916785
474.0,0.1987,0.19811980149136352,0.1983,-0.018019850863648657,0.1968,0.2,0.45768149202535,0.034482103119626094,6.559610366821289,8.753299713134766,2108.8476181030273,-0.18801985086364936
476.0,0.2054,0.19819520631115356,0.1915,0.6695206311153556,0.2034,0.2,0.5558976321505242,0.04217215433503102,6.997823715209961,11.319160461425781,2116.8322563171387,-0.1804793688846451
478.0,0.1817,0.19578846389617732,0.1983,-0.25115361038226813,0.1934,0.2,0.6078260725739689,0.043942972220838795,24.794816970825195,9.397268295288086,2126.1978149414062,-0.42115361038226884
480.0,0.1952,0.19463515534462766,0.1983,-0.366484465537234,0.1867,0.2,0.5588119878791715,0.03872566353106245,7.24482536315918,10.839223861694336,2088.4158611297607,-0.5364844655372347
482.0,0.2021,0.195496247125418,0.2051,-0.9603752874582011,0.2066,0.2,0.4874995323530021,0.03417237056882398,23.20265769958496,5.25212287902832,2103.567123413086,-0.45037528745820177
484.0,0.2053,0.1968457459873823,0.2119,-1.5054254012617703,0.2099,0.2,0.4633716501406572,0.03402407241908685,7.285118103027344,7.021903991699219,2086.211919784546,-0.31542540126177077
486.0,0.2021,0.1973893003012993,0.2051,-0.7710699698700696,0.2034,0.2,0.4088660574293391,0.030492511139037597,7.045269012451172,11.289119720458984,2083.8940143585205,-0.26106996987007025
488.0,0.2088,0.19878366199515113,0.2119,-1.3116338004848878,0.2134,0.2,0.3747662948646994,0.029175471827920962,5.769491195678711,11.00015640258789,2050.2429008483887,-0.12163380048488825
490.0,0.2088,0.1996939517847587,0.2119,-1.2206048215241294,0.21,0.2,0.392605640535835,0.031463087292186775,7.21287727355957,8.57686996459961,2064.1133785247803,-0.03060482152413002
492.0,0.1987,0.19943544156958026,0.1983,0.11354415695802589,0.21,0.2,0.41901196153621534,0.033172464526041015,6.552219390869141,7.4748992919921875,2099.067211151123,-0.05645584304197482
494.0,0.2021,0.19901483428320613,0.2051,-0.6085165716793878,0.2034,0.2,0.47895523991714245,0.037174431909870444,6.634712219238281,11.060237884521484,2103.9490699768066,-0.09851657167938843
496.0,0.1952,0.1977172962305549,0.1983,-0.05827037694451087,0.1966,0.2,0.4920404536943476,0.03674898374519237,7.424354553222656,8.289098739624023,2118.894100189209,-0.22827037694451158
498.0,0.2021,0.19741388615585714,0.2051,-0.7686113844142861,0.2,0.2,0.5325460280173335,0.039480974615843656,6.29115104675293,9.82356071472168,2098.3316898345947,-0.25861138441428677
500.0,0.1952,0.1963601508531407,0.1951,0.12601508531407124,0.1934,0.2,0.5897233136138217,0.04296090398724373,6.36744499206543,11.261224746704102,2109.4131469726562,-0.3639849146859303
502.0,0.1952,0.19503510327141238,0.1983,-0.3264896728587624,0.1833,0.2,0.5803903426183653,0.04081201610899176,6.596803665161133,9.361028671264648,2105.360746383667,-0.4964896728587631
504.0,0.2021,0.195164525531242,0.2051,-0.9935474468758004,0.1934,0.2,0.5341311287285374,0.03731400537022431,6.579399108886719,10.184764862060547,2093.1763648986816,-0.4835474468758011
506.0,0.2053,0.19602320492568215,0.2119,-1.5876795074317855,0.2,0.2,0.5122766903467362,0.03669772766740695,6.516933441162109,10.253429412841797,2100.40283203125,-0.39767950743178626
508.0,0.1987,0.19640019311069962,0.2017,-0.5299806889300374,0.2032,0.2,0.4631747114383991,0.03348406753600404,6.84666633605957,10.613203048706055,2069.239854812622,-0.3599806889300394
510.0,0.2054,0.19753245792314,0.2119,-1.436754207686,0.21,0.2,0.44475559403570397,0.03323737544538693,13.604879379272461,10.325193405151367,2096.790313720703,-0.24675420768600076
512.0,0.2021,0.19799701810832515,0.2051,-0.7102981891674853,0.2066,0.2,0.3783505405641871,0.028620556732968976,26.05915069580078,10.237455368041992,2077.8965950012207,-0.20029818916748598
514.0,0.2123,0.19961989986818265,0.2153,-1.5680100131817336,0.2167,0.2,0.3669847834325905,0.029328429044609118,121.4299201965332,11.537790298461914,2155.597448348999,-0.03801001318173569
516.0,0.2021,0.1999448245112629,0.2051,-0.5155175488737118,0.2134,0.2,0.376288402155396,0.030446375838669847,23.772478103637695,10.631322860717773,1987.7207279205322,-0.0055175488737124745
518.0,0.2054,0.19994096734621322,0.2085,-0.8559032653786769,0.2066,0.2,0.39477872672347775,0.03168705619571297,27.421236038208008,8.72659683227539,2081.3114643096924,-0.0059032653786789124
520.0,0.1987,0.19957383286860247,0.2017,-0.2126167131397516,0.2134,0.2,0.40190885770644863,0.03179686084434398,6.35075569152832,8.800506591796875,2079.6151161193848,-0.04261671313975368
522.0,0.2054,0.19944922920934038,0.2085,-0.9050770790659607,0.2066,0.2,0.45216513881905923,0.03548426621982043,5.652666091918945,12.126445770263672,2112.3452186584473,-0.05507707906596271
524.0,0.1987,0.19831791227167664,0.2019,-0.35820877283233576,0.1968,0.2,0.5023720820221093,0.038232140040710134,6.656408309936523,11.690855026245117,2104.827880859375,-0.16820877283233726
526.0,0.1919,0.19711576300126987,0.1949,0.22157630012698826,0.2034,0.2,0.5264752506955986,0.038848477711229616,6.046295166015625,10.986804962158203,2113.199472427368,-0.28842369987301386
528.0,0.1987,0.1964798251471561,0.1983,-0.18201748528439143,0.1968,0.15,7.877431618121394e-07,1.40624028172532e-06,6.742715835571289,14.539003372192383,2109.940528869629,4.6479825147156095
530.0,0.1952,0.1958119901970961,0.1983,-0.24880098029038955,0.1966,0.15,8.579506680865397e-07,1.6151717577176664e-06,5.594730377197266,21.511554718017578,2116.124391555786,4.5811990197096115
532.0,0.1952,0.19483372114040884,0.1983,-0.34662788595911653,0.2066,0.15,1.0631014814380272e-06,2.0674205277695446e-06,6.561040878295898,29.66165542602539,2113.8229370117188,4.483372114040884
534.0,0.1885,0.19172218749579817,0.1883,0.34221874957981735,0.1866,0.15,1.2898943425126552e-06,2.6011944932096064e-06,7.068634033203125,24.427413940429688,2109.745740890503,4.172218749579818
536.0,0.1952,0.18874589696211808,0.1951,-0.635410303788192,0.1765,0.15,1.67119755365161e-06,3.5402059245705033e-06,6.612062454223633,16.95847511291504,2098.1087684631348,3.874589696211808
538.0,0.1885,0.18501307740877312,0.1881,-0.3086922591226865,0.1667,0.15,1.0745293139431087e-06,2.3894806036166275e-06,6.989002227783203,8.418560028076172,2099.16353225708,3.501307740877313
540.0,0.1817,0.1812693683540709,0.1951,-1.38306316459291,0.1699,0.15,1.3631005774584348e-06,3.1812882453200103e-06,7.08770751953125,8.23831558227539,2107.2709560394287,3.1269368354070903
542.0,0.1885,0.1782951269939113,0.1713,0.6995126993911305,0.1633,0.15,1.7868764779252208e-06,4.398377145070163e-06,7.048606872558594,8.38017463684082,2112.828016281128,2.829512699391132
544.0,0.1813,0.17527152288568737,0.1779,-0.2628477114312633,0.1665,0.15,4.269943160874361e-06,1.0813003150109877e-05,7.059335708618164,9.856224060058594,2108.7703704833984,2.5271522885687374
546.0,0.1851,0.17337166691880979,0.1847,-1.1328333081190216,0.1733,0.15,2.809250914087246e-06,7.68620182939917e-06,24.820327758789062,7.430315017700195,2125.450611114502,2.337166691880979
548.0,0.1783,0.17085482973168425,0.1779,-0.7045170268315748,0.1667,0.15,3.2278501919351035e-06,9.178523232001486e-06,7.360219955444336,6.622791290283203,2085.958480834961,2.085482973168426
550.0,0.1851,0.16948145756705535,0.1679,0.15814575670553555,0.1701,0.15,8.23128657993969e-06,2.5040612960038857e-05,8.173942565917969,6.200551986694336,2114.828586578369,1.9481457567055354
552.0,0.175,0.1677515941165019,0.1747,-0.6948405883498099,0.1767,0.15,1.1827777582221235e-05,4.310601683499389e-05,7.497549057006836,8.803129196166992,2109.163999557495,1.77515941165019
554.0,0.1715,0.16563891987585552,0.1679,-0.2261080124144471,0.1699,0.15,1.433685359090597e-05,6.164368211277726e-05,6.518125534057617,16.225576400756836,2114.182472229004,1.5638919875855528
556.0,0.1749,0.16447032203350037,0.1747,-1.0229677966499624,0.1767,0.15,2.2444104292489244e-05,0.0021599085011649514,6.882190704345703,14.936685562133789,2106.2638759613037,1.4470322033500378
558.0,0.1682,0.16259005137990462,0.1643,-0.17099486200953806,0.1699,0.15,0.00037658858132241595,0.008329671712864728,8.73422622680664,20.86472511291504,2114.764451980591,1.2590051379904628
560.0,0.1614,0.16002949604501457,0.1541,0.5929496045014582,0.1635,0.15,0.04139841920167614,0.01304909130702834,8.828878402709961,12.464046478271484,2105.991840362549,1.0029496045014574
562.0,0.1647,0.15829730593070823,0.1643,-0.600269406929177,0.1667,0.15,0.07866827126965589,0.016783621912344372,10.319948196411133,13.929128646850586,2109.19189453125,0.8297305930708238
564.0,0.1715,0.15725400575478896,0.1351,2.215400575478896,0.1599,0.15,0.11053058964296328,0.017239166472752906,6.895303726196289,8.783102035522461,2105.335235595703,0.7254005754788961
566.0,0.1647,0.1562893583175823,0.1511,0.5189358317582299,0.1667,0.15,0.1720780729074777,0.020249646680432044,4.392862319946289,13.14854621887207,2102.567195892334,0.6289358317582316
568.0,0.158,0.15470051108115704,0.1541,0.06005110811570513,0.1599,0.15,0.19655126875751805,0.02083997473695982,6.623029708862305,8.721351623535156,2112.0622158050537,0.4700511081157044
570.0,0.1612,0.15398936484243725,0.1509,0.3089364842437242,0.1633,0.15,0.2459408868719927,0.023569667242685017,4.212379455566406,9.7198486328125,2105.5452823638916,0.3989364842437254
572.0,0.1544,0.1526684603428938,0.1543,-0.16315396571061902,0.1567,0.15,0.32247539283286647,0.028011071725850004,453.83191108703613,9.519338607788086,2556.347370147705,0.2668460342893808
574.0,0.1482,0.15079282997646756,0.1511,-0.030717002353244927,0.1499,0.15,0.35710628756816276,0.028792981513030117,1.3949871063232422,12.168169021606445,1656.874179840088,0.07928299764675684
576.0,0.1514,0.14986753495290053,0.1541,-0.4232465047099454,0.1531,0.15,0.35477877209744724,0.02766612960863582,6.571292877197266,8.232593536376953,1767.4527168273926,-0.01324650470994615
578.0,0.158,0.14975711278351334,0.1478,0.19571127835133484,0.1499,0.15,0.36314265713325367,0.028284523948100715,7.964134216308594,6.145954132080078,2106.5831184387207,-0.024288721648665912
580.0,0.1514,0.14937807793734106,0.1414,0.7978077937341066,0.1531,0.15,0.3763315176482581,0.029108615013028697,5.623102188110352,8.309602737426758,2106.7240238189697,-0.06219220626589306
582.0,0.1544,0.14904711598760612,0.1478,0.12471159876061289,0.1466,0.15,0.41324593431264744,0.03162179208939377,4.558563232421875,8.904695510864258,2107.3851585388184,-0.09528840123938787
584.0,0.1514,0.14821651398697708,0.1509,-0.2683486013022929,0.1402,0.15,0.45007435098067616,0.03358751823801644,50.511837005615234,10.459184646606445,2161.31591796875,-0.1783486013022917
586.0,0.1449,0.14732093839664212,0.1446,0.2720938396642114,0.1466,0.15,0.45465566916551414,0.03303260882100511,6.917715072631836,9.010791778564453,2061.7029666900635,-0.2679061603357874
588.0,0.1482,0.14708679849137155,0.1383,0.8786798491371539,0.1499,0.15,0.4909375909299464,0.03566245234811947,47.80745506286621,7.994413375854492,2144.900321960449,-0.2913201508628449
590.0,0.1417,0.14610410590952086,0.1446,0.1504105909520853,0.1434,0.15,0.5016560889721539,0.035653329054758556,9.714841842651367,8.64267349243164,2074.779510498047,-0.3895894090479135
592.0,0.1449,0.14577468574689303,0.1478,-0.20253142531069523,0.1466,0.15,0.5316712051205397,0.0376645592761169,22.11761474609375,7.502079010009766,2121.2291717529297,-0.422531425310696
594.0,0.1417,0.144971765649111,0.1414,0.35717656491109917,0.1402,0.15,0.5274910336044362,0.03663282109706062,22.278308868408203,5.522012710571289,2105.802297592163,-0.5028234350889005
596.0,0.1449,0.14498463989561,0.1351,0.9884639895610003,0.1466,0.15,0.55644626675112,0.03892326822333735,4.206657409667969,8.115530014038086,2091.3901329040527,-0.5015360104389993
598.0,0.1386,0.1442133675724858,0.1383,0.5913367572485784,0.1402,0.15,0.564309616694844,0.03888174173277019,8.463859558105469,8.466005325317383,2112.2641563415527,-0.5786632427514204
600.0,0.1417,0.14397983277604692,0.1446,-0.06201672239530831,0.1434,0.15,0.5548235556531884,0.037904629950853516,50.91094970703125,8.516311645507812,2156.4464569091797,-0.6020167223953071
602.0,0.1449,0.14410269060765762,0.1414,0.2702690607657626,0.1434,0.15,0.5567789016531052,0.038210201672698646,6.829261779785156,10.150909423828125,2073.678731918335,-0.589730939234237
604.0,0.1482,0.14406110348183657,0.1415,0.25611034818365797,0.1339,0.15,0.5174155561732573,0.03513420926508846,460.984468460083,10.551691055297852,2550.8182048797607,-0.5938896518163428
606.0,0.1514,0.1449689564779425,0.1446,0.036895647794249475,0.1468,0.15,0.500107917338279,0.034704855449325445,9.968280792236328,5.251169204711914,1651.6942977905273,-0.5031043522057493
608.0,0.1449,0.14531028939585824,0.1476,-0.22897106041417647,0.1499,0.15,0.4733507558965478,0.03311498542454124,111.0999584197998,8.31294059753418,1865.1268482208252,-0.468971060414175
610.0,0.1482,0.14596373715349245,0.1509,-0.49362628465075553,0.1531,0.15,0.43875195590720645,0.03109164100595631,9.035587310791016,5.094051361083984,2001.805305480957,-0.40362628465075434
612.0,0.1544,0.14684315608423978,0.1478,-0.09568439157602027,0.1499,0.15,0.43394133811789193,0.03156047557622332,106.86135292053223,10.717391967773438,2210.399389266968,-0.315684391576021
614.0,0.1514,0.14705996821985182,0.1414,0.5659968219851819,0.1468,0.15,0.43362537491203246,0.03171915333059497,3.41033935546875,9.965181350708008,2003.6001205444336,-0.2940031780148178
616.0,0.1482,0.147156791920878,0.1509,-0.37432080791220124,0.1531,0.15,0.40624365297850634,0.029634499226516092,250.32830238342285,8.86845588684082,2360.1574897766113,-0.28432080791220005
618.0,0.158,0.14787591117346818,0.1478,0.007591117346819609,0.1499,0.15,0.3581541699477706,0.026587761734493186,6.240367889404297,1.3298988342285156,1855.1628589630127,-0.21240888265318114
620.0,0.158,0.14896917819980307,0.1478,0.11691781998030837,0.1601,0.15,0.3634727663679759,0.028131135073583873,69.51642036437988,12.772560119628906,2176.1856079101562,-0.10308218001969238
622.0,0.1514,0.1488969339145131,0.1511,-0.2203066085486899,0.1531,0.15,0.3816198830148342,0.029495883937730862,4.088163375854492,10.79249382019043,2039.8566722869873,-0.11030660854868812
624.0,0.1544,0.14867391345156536,0.1478,0.08739134515653724,0.1468,0.15,0.399060684447254,0.030415145412002954,8.337736129760742,8.151054382324219,2108.480453491211,-0.1326086548434635
626.0,0.1514,0.14834232663262042,0.1509,-0.25576733673795815,0.1499,0.15,0.44064728588439406,0.03318251081772834,2.0101070404052734,11.50822639465332,2111.687660217285,-0.16576733673795696
628.0,0.1449,0.14737174565572234,0.1446,0.27717456557223297,0.1468,0.15,0.45226844752269874,0.033095115458180835,4.014253616333008,10.083675384521484,2106.710433959961,-0.26282543442776585
630.0,0.1482,0.1470632499806949,0.1476,-0.05367500193051156,0.1499,0.15,0.4930466357507005,0.03590718238084914,4.726886749267578,4.119396209716797,2101.665496826172,-0.2936750019305101
632.0,0.1417,0.14601082870998805,0.1446,0.14108287099880434,0.1434,0.15,0.5170621055802153,0.036822212450787394,23.44965934753418,9.227752685546875,2131.5643787384033,-0.39891712900119447
634.0,0.1417,0.14536334576293572,0.1446,0.07633457629357132,0.1468,0.15,0.5326025782345719,0.03738675483823042,24.84416961669922,7.894277572631836,2110.260486602783,-0.4636654237064275
636.0,0.1449,0.14491944695337683,0.1478,-0.28805530466231577,0.1403,0.15,0.5023776518424918,0.034625885799658564,47.10841178894043,8.339643478393555,2133.6262226104736,-0.5080553046623165
638.0,0.1514,0.14552259590932606,0.1446,0.09225959093260572,0.1466,0.15,0.45476793090502915,0.031600441299300897,6.994962692260742,8.800506591796875,2067.728042602539,-0.4477404090673931
640.0,0.1544,0.14653403932847156,0.1478,-0.12659606715284266,0.1499,0.15,0.41578527922363206,0.02974161689650301,10.320186614990234,5.8307647705078125,2107.5806617736816,-0.3465960671528434
642.0,0.1514,0.147404246596748,0.1414,0.6004246596748003,0.1565,0.15,0.4009135740362469,0.02958304559625212,3.6804676055908203,13.563394546508789,2113.5101318359375,-0.25957534032519936
644.0,0.1514,0.14783997800972018,0.1509,-0.30600219902798265,0.1531,0.15,0.40360185244227875,0.0302101594449725,36.58437728881836,6.661176681518555,2135.877847671509,-0.21600219902798146
646.0,0.1514,0.14793089913300686,0.1509,-0.2969100866993146,0.1499,0.15,0.4207721855764501,0.031504518621617496,7.300853729248047,6.679296493530273,2077.401638031006,-0.20691008669931343
648.0,0.1482,0.14762803567478805,0.1509,-0.3271964325211957,0.1499,0.15,0.39865870796361963,0.029408106549125533,5.045890808105469,9.003162384033203,2107.6884269714355,-0.2371964325211945
650.0,0.158,0.14822429218703037,0.1476,0.06242921870303619,0.1499,0.15,0.35176784604189876,0.026299881469510428,8.629798889160156,8.836507797241211,2120.901584625244,-0.17757078129696235
652.0,0.158,0.14925569827844973,0.1509,-0.16443017215502786,0.1599,0.15,0.35784579621484536,0.02786168223333299,8.353948593139648,9.430646896362305,2104.140281677246,-0.07443017215502667
654.0,0.1514,0.14912328616748535,0.1446,0.45232861674853464,0.1531,0.15,0.40502022113547326,0.03143833289562408,9.649276733398438,11.142253875732422,2110.361337661743,-0.08767138325146417
656.0,0.1449,0.14813183931401377,0.1478,0.03318393140137876,0.1499,0.15,0.4438731159647542,0.033336344304634016,62.615156173706055,8.972406387329102,2157.9766273498535,-0.186816068598622
658.0,0.1514,0.14735169234998421,0.1509,-0.3548307650015792,0.1402,0.15,0.4507344319366016,0.03288520629743036,5.2509307861328125,6.13093376159668,2056.746244430542,-0.264830765001578
660.0,0.1514,0.14714787591896425,0.1414,0.5747875918964251,0.1466,0.15,0.4327674277367028,0.0312683575805012,6.565332412719727,9.267330169677734,2109.194755554199,-0.2852124081035745
662.0,0.1514,0.14741573849304604,0.1511,-0.3684261506953973,0.1531,0.15,0.4358890877896254,0.03190387994894311,2.5937557220458984,11.313915252685547,2103.990316390991,-0.25842615069539554
664.0,0.1482,0.1472393460271053,0.1476,-0.03606539728946978,0.1499,0.15,0.42670808138301175,0.031153756523470286,309.39269065856934,6.749391555786133,2409.03639793396,-0.27606539728946833
666.0,0.1544,0.14749759076200383,0.1446,0.28975907620038266,0.1466,0.15,0.4055031619588889,0.029730922703822216,1.6429424285888672,10.238170623779297,1810.4357719421387,-0.25024092379961616
668.0,0.1514,0.14793694602306073,0.1446,0.33369460230607273,0.1567,0.15,0.41930370463904165,0.03130025130809802,4.302740097045898,9.630203247070312,2107.9227924346924,-0.20630539769392608
670.0,0.1449,0.14760538374910534,0.1541,-0.6494616250894647,0.1531,0.15,0.4316947018759889,0.03198223783764214,60.00185012817383,9.177207946777344,2162.9104614257812,-0.23946162508946545
672.0,0.1482,0.14737534404835506,0.1478,-0.04246559516449255,0.1499,0.15,0.41991954467404347,0.03076551335666094,7.519721984863281,8.838653564453125,2054.182529449463,-0.2624655951644933
674.0,0.1514,0.147636244304048,0.1414,0.6236244304048011,0.1531,0.15,0.44767665619572583,0.03315559446162291,41.10908508300781,14.609098434448242,2154.043197631836,-0.23637556959519856
676.0,0.1449,0.14696717635593357,0.1478,-0.08328236440664216,0.1466,0.15,0.4775890407277347,0.03483848540156667,1.4073848724365234,12.517929077148438,2065.5517578125,-0.3032823644066429
678.0,0.1482,0.14635704172657574,0.1509,-0.4542958273424269,0.1402,0.15,0.48943113377193537,0.035012355707448095,7.009267807006836,10.828256607055664,2111.14239692688,-0.3642958273424257
680.0,0.1482,0.14607064117125473,0.1414,0.4670641171254736,0.1434,0.15,0.4896484620127054,0.03471071861293127,5.45501708984375,8.620500564575195,2102.602481842041,-0.3929358828745261
682.0,0.1449,0.1459467478674831,0.1478,-0.1853252132516886,0.1499,0.15,0.4719701953500524,0.03330675930913453,23.144960403442383,9.100675582885742,2126.9280910491943,-0.40532521325168935
684.0,0.1514,0.14629322629906516,0.1446,0.16932262990651537,0.1466,0.15,0.48432533433859165,0.034648874875315885,4.475116729736328,8.419513702392578,2092.313289642334,-0.37067737009348345
686.0,0.1482,0.1460144380152277,0.1509,-0.4885561984772302,0.1402,0.15,0.45410879831477186,0.03207301932881133,4.249811172485352,7.30443000793457,2105.820417404175,-0.398556198477229
688.0,0.1544,0.14673150523960982,0.1446,0.213150523960981,0.1499,0.15,0.4280543232917882,0.030741095943599604,5.1975250244140625,8.285284042358398,2109.7683906555176,-0.3268494760390178
690.0,0.1514,0.14727476281946572,0.1511,-0.3825237180534291,0.1531,0.15,0.3955833393394527,0.028900329509512553,5.219936370849609,8.664131164550781,2106.9812774658203,-0.27252371805342734
692.0,0.158,0.14809611586126617,0.1478,0.029611586126618294,0.1499,0.15,0.408982449572571,0.030720127104263955,0.0,11.911153793334961,2112.2758388519287,-0.19038841387338246
694.0,0.1482,0.14785903626095473,0.1511,-0.3240963739045283,0.1499,0.15,0.42931741263692247,0.03203569034881501,71.17843627929688,9.368181228637695,2176.323413848877,-0.21409637390452652
696.0,0.1514,0.14755324983151638,0.1541,-0.6546750168483606,0.1436,0.15,0.44080049666762383,0.03243795501589568,299.06535148620605,7.395029067993164,2332.9052925109863,-0.24467501684836135
698.0,0.1482,0.14729742154673658,0.1478,-0.050257845326340256,0.1499,0.15,0.4507489740140527,0.03289625947748059,5.699872970581055,8.906841278076172,1815.9387111663818,-0.270257845326341
700.0,0.1514,0.14706121634310396,0.1414,0.5661216343103959,0.1434,0.15,0.47235313667182094,0.0343149951208346,4.321575164794922,7.74073600769043,2110.569715499878,-0.2938783656896038
702.0,0.1449,0.14650163787149287,0.1478,-0.1298362128507119,0.1468,0.15,0.46972429892514433,0.03360604696780638,38.89894485473633,9.360074996948242,2144.0000534057617,-0.34983621285071265
704.0,0.1482,0.1464861447115201,0.1511,-0.46138552884799067,0.1499,0.15,0.5013674170688166,0.03607740049655559,7.226467132568359,7.927656173706055,2073.817491531372,-0.3513855288479889
706.0,0.1419,0.14567050746330146,0.1446,0.10705074633014511,0.1436,0.15,0.4908363490329677,0.03454504867038376,3.657102584838867,8.050918579101562,2103.7137508392334,-0.4329492536698537
708.0,0.1482,0.14587037697166044,0.1476,-0.17296230283395664,0.1499,0.15,0.5126803799310488,0.03642333110360938,6.445407867431641,8.304834365844727,2117.337465286255,-0.4129623028339552
710.0,0.1419,0.14527727147773917,0.1414,0.3877271477739169,0.1436,0.15,0.5155218449054331,0.03616309287502401,20.852088928222656,8.813619613647461,2122.0362186431885,-0.47227285222608273
712.0,0.1449,0.1451862936408463,0.1351,1.0086293640846289,0.1468,0.15,0.5367873097532394,0.03772992160040644,4.296779632568359,8.089065551757812,2089.7390842437744,-0.48137063591537077
714.0,0.1386,0.14461062627272586,0.1446,0.001062627272585548,0.1466,0.15,0.5226436287121023,0.0361388227558569,431.62035942077637,7.007360458374023,2533.581495285034,-0.5389373727274133
716.0,0.1449,0.1448836733615035,0.1478,-0.2916326638496475,0.1499,0.15,0.5099986215973052,0.03542071496810262,109.59434509277344,12.220621109008789,1800.8437156677246,-0.5116326638496482
718.0,0.1482,0.14514016128483984,0.1509,-0.575983871516017,0.1436,0.15,0.5100035700135732,0.035744841339800916,8.925914764404297,6.904840469360352,1997.495412826538,-0.48598387151601585
720.0,0.1419,0.14511177367739442,0.1444,0.07117736773944172,0.1499,0.15,0.5058288453510207,0.03542952213217122,27.219772338867188,7.227659225463867,2126.5814304351807,-0.48882263226055767
722.0,0.1482,0.14527260824829513,0.1511,-0.582739175170488,0.1434,0.15,0.4828554660332356,0.03373719786896667,46.767234802246094,7.403135299682617,2125.197410583496,-0.47273917517048625
724.0,0.1514,0.14584359859295348,0.1541,-0.8256401407046504,0.1466,0.15,0.45632852394661744,0.03220605325057798,28.621435165405273,6.35075569152832,2087.728500366211,-0.41564014070465116
726.0,0.158,0.1465490869616651,0.1511,-0.45509130383349083,0.1402,0.15,0.4042037282928381,0.028871794719082217,25.342941284179688,6.860017776489258,2107.1937084198,-0.34509130383348907
728.0,0.1544,0.14774906314384245,0.1446,0.31490631438424455,0.1599,0.15,0.3737052070268923,0.0277629426581333,0.0,14.171361923217773,2093.489170074463,-0.22509368561575427
730.0,0.1544,0.14848755235011019,0.1541,-0.5612447649889801,0.1565,0.15,0.3620501989713286,0.027673604892725898,3.222227096557617,8.124351501464844,2104.2346954345703,-0.15124476498898087
732.0,0.1578,0.1489350336197272,0.1509,-0.1964966380272798,0.1499,0.15,0.3729026665473358,0.028832109731477127,0.0,11.785030364990234,2115.1962280273438,-0.1064966380272786
734.0,0.1514,0.1488191734242652,0.1541,-0.5280826575734782,0.1531,0.15,0.4029969381409883,0.030918135002222763,10.435104370117188,5.212306976318359,2110.0263595581055,-0.11808265757347891
736.0,0.1482,0.14821774349374534,0.1476,0.06177434937453263,0.1499,0.15,0.4080416254626225,0.030599527031282023,3.3025741577148438,8.605480194091797,2103.5425662994385,-0.17822565062546591
738.0,0.1514,0.1480998840033437,0.1414,0.6699884003343703,0.1531,0.15,0.44409540998682967,0.0332073615547974,6.248950958251953,7.48896598815918,2116.8510913848877,-0.1900115996656293
740.0,0.1449,0.14721014539198002,0.1478,-0.05898546080199685,0.1466,0.15,0.45449053084167074,0.03317331493547109,1.7871856689453125,11.353731155395508,2099.699020385742,-0.2789854608019976
742.0,0.1482,0.14692698945122842,0.1511,-0.41730105487715885,0.1499,0.15,0.4828513207787468,0.035058621620456865,9.505510330200195,4.894733428955078,2114.3321990966797,-0.3073010548771571
744.0,0.1449,0.14619709578060094,0.1446,0.15970957806009378,0.1434,0.15,0.49030339882467194,0.0349719865140199,4.42194938659668,9.114265441894531,2106.7943572998047,-0.38029042193990503
746.0,0.1449,0.14593115264637363,0.1476,-0.16688473536263793,0.1499,0.15,0.4732887644550369,0.0334177801781108,1.359701156616211,11.622905731201172,2106.726884841919,-0.4068847353626365
748.0,0.1514,0.1462638230971991,0.1446,0.16638230971990908,0.1466,0.15,0.4850980589723812,0.03468626585580368,9.207010269165039,8.360147476196289,2111.5710735321045,-0.37361769028008973
750.0,0.1482,0.14598210141413795,0.1509,-0.4917898585862057,0.1402,0.15,0.4943496713251831,0.035166046932696,522.0251083374023,8.903026580810547,2627.64048576355,-0.40178985858620453
752.0,0.1449,0.1457908342119731,0.1446,0.11908342119731075,0.1466,0.15,0.4608545699113882,0.03235170349726509,20.32756805419922,8.160829544067383,1605.4844856262207,-0.42091657880268807
754.0,0.1514,0.14651718636570665,0.1511,-0.4582813634293359,0.1531,0.15,0.4272847694992878,0.030508713132516695,3.606081008911133,5.496025085449219,1692.169189453125,-0.34828136342933413
756.0,0.1544,0.14725759971426622,0.1478,-0.05424002857337684,0.1499,0.15,0.4349771470108576,0.03194018195547601,86.67111396789551,5.131006240844727,1879.549503326416,-0.2742400285733776
758.0,0.1417,0.1470612754906881,0.1541,-0.7038724509311894,0.1567,0.15,0.4220286498003065,0.03083060220973705,6.304502487182617,8.05354118347168,2036.4806652069092,-0.2938724509311902
760.0,0.1514,0.14745199355374908,0.1511,-0.36480064462509343,0.1531,0.15,0.4180607583811385,0.030810618647908742,9.954690933227539,7.110118865966797,2110.079288482666,-0.25480064462509167
762.0,0.1514,0.14756557453183541,0.1509,-0.33344254681645924,0.1499,0.15,0.393596246575811,0.02904162583212155,7.346153259277344,7.094621658325195,2104.5799255371094,-0.24344254681645805
764.0,0.158,0.14821163503434504,0.1476,0.06116350343450261,0.1499,0.15,0.39798517238039727,0.02994642141518723,0.0,13.849258422851562,2107.222080230713,-0.17883649656549594
766.0,0.1514,0.14815178519065858,0.1509,-0.2748214809341426,0.1499,0.15,0.4509770961615344,0.0339775013228151,3.362417221069336,6.352424621582031,2110.135316848755,-0.1848214809341414
768.0,0.1417,0.14698266323963746,0.1541,-0.7117336760362525,0.1466,0.15,0.46225983436905227,0.03363520903479486,23.56863021850586,9.478569030761719,2130.6259632110596,-0.30173367603625323
770.0,0.1482,0.14674365510213497,0.1511,-0.43563448978650443,0.1499,0.15,0.44144371596273324,0.031668393626159266,6.582021713256836,10.396957397460938,2098.1643199920654,-0.32563448978650267
772.0,0.1514,0.1471028270941346,0.1446,0.2502827094134602,0.1531,0.15,0.4611435194393477,0.033641391284536956,21.080970764160156,8.34035873413086,2112.746000289917,-0.2897172905865386
774.0,0.1449,0.14656391803104904,0.1476,-0.10360819689509693,0.1466,0.15,0.4740964486677772,0.034211007262181875,4.1980743408203125,5.036115646362305,2093.848943710327,-0.3436081968950955
776.0,0.1514,0.14634936088034498,0.1414,0.49493608803449773,0.1402,0.15,0.48849424137984276,0.03499760688985255,26.029348373413086,8.710861206054688,2129.131555557251,-0.3650639119655019
778.0,0.1449,0.14598861641453034,0.1446,0.1388616414530336,0.1466,0.15,0.4780530336928638,0.033839127339505955,27.938127517700195,6.942987442016602,2107.5007915496826,-0.4011383585469652
780.0,0.1482,0.1461727832606292,0.1383,0.7872783260629207,0.1499,0.15,0.505356168507827,0.03616580674239515,4.213571548461914,5.461454391479492,2081.6738605499268,-0.3827216739370781
782.0,0.1419,0.14548514140398072,0.1446,0.0885141403980716,0.1434,0.15,0.5696083632620313,0.04056371435777423,3.347158432006836,7.840394973754883,2111.975908279419,-0.4514858596019272
784.0,0.1354,0.1440259584648715,0.1383,0.5725958464871506,0.1369,0.15,0.5828373232643094,0.040099102263551185,6.239175796508789,8.06570053100586,2109.0188026428223,-0.5974041535128483
786.0,0.1386,0.14363226767398882,0.1446,-0.09677323260111892,0.1468,0.15,0.5279414451875609,0.03538374653100301,1.3415813446044922,12.248039245605469,2107.24139213562,-0.6367732326011177
788.0,0.1512,0.1447133661742488,0.1476,-0.2886633825751217,0.1499,0.15,0.5024748871431879,0.03463018472268208,122.09010124206543,8.357763290405273,2226.898431777954,-0.5286633825751202
790.0,0.1449,0.14513713036026535,0.1476,-0.24628696397346606,0.1499,0.15,0.48441780494705533,0.03389467040981333,8.483648300170898,8.331775665283203,1990.6461238861084,-0.4862869639734646
792.0,0.1514,0.1456537686793853,0.1414,0.4253768679385289,0.1436,0.15,0.448682073805022,0.031597629744687945,4.203081130981445,7.355690002441406,2108.637571334839,-0.43462313206147074
794.0,0.1544,0.1465856722154372,0.1478,-0.12143277845627909,0.1499,0.15,0.41451464747974703,0.029822192477144013,77.90732383728027,7.009983062744141,2181.1351776123047,-0.34143277845627984
796.0,0.1514,0.14742538530720586,0.1541,-0.6674614692794123,0.1567,0.15,0.40256598694157464,0.029754206538501027,3.4999847412109375,10.398149490356445,2036.2460613250732,-0.25746146927941305
798.0,0.1514,0.14779691274466336,0.1509,-0.3103087255336645,0.1531,0.15,0.39942373855270225,0.029855462262431798,7.480621337890625,6.886005401611328,2107.38468170166,-0.22030872553366332
